context_eng,context_urdu,predicted_translation_mistral
"Existing rules, etc., to continue

Until the appropriate Legislature makes a law under Article 240, all rules and orders in force immediately before the commencing day shall, so far as consistent with the provisions of the Constitution, continue in force and may be amended from time to time by the Federal Government or, as the case may be the Provincial Government.",۴۲۲۔               ۲۲۔ جب تک کہ متعلقہ مقننہ آرٹیکل ۰۴۲ کے تحت کوئی قانون نہ بنائے، یوم آغاز سے عین قبل موجودہ قواعد و احکام، وغیرہ نافذ العمل رہیں گے اور ان میں وفاقی حکومت یا، جیسی بھی صورت ہو، صوبائی حکومت وقتاً فوقتاً ترمیم کر سکے گی۔,"موجودہ قوانین، آدیگر، جاری رہیں گے

جب تک کہ مناسب قانون ساز اسمبلی آرٹیکل 240 کے تحت قانون نہ بنائے، شروع ہونے کے دن سے فوراً پہلے نافذ العمل تمام قواعد و احکام، آئین کے احکامات کے مطابق ہونے کی حد تک، جاری رہیں گے اور وقتاً فوقتاً وفاقی حکومت یا مربوط صوبائی حکومت کے ذریعے ان میں ترمیم کی جا سکتی ہے۔"
"Protection against retrospective punishment

(1)	No law shall authorize the punishment of a person—

for an act or omission that was not punishable by law at the time of the act or omission; or

for an offence by a penalty greater than, or of a kind different from, the penalty prescribed by law for that offence at the time the offence was committed.

(2)       Nothing in clause (1) or in Article 270 shall apply to any law making acts of abrogation or subversion of a Constitution in force in Pakistan at any time since the twenty-third day of March, one thousand nine hundred and fifty-six, an offence.","کوئی قانون کسی شخص کو مؤثر بہ ماضی سزا سے تحفظ:

(1) کوئی قانون کسی شخص کو سزا دینے کی اجازت نہیں دے گا:
    - کسی ایسے فعل یا ترک فعل کے لیے جو اس فعل کے سرزد ہونے کے وقت کسی قانون کے تحت قابل سزا نہ تھا؛ یا
    - کسی جرم کے لیے ایسی سزا دینے کی جو اس جرم کے ارتکاب کے وقت کسی قانون کی رو سے اس کے لیے مقررہ سزا سے زیادہ سخت یا اس سے مختلف ہو۔

(2) شق (1) یا آرٹیکل 270 میں مذکور کوئی امر کسی ایسے قانون پر اطلاق پذیر نہ ہوگا جس کی رو سے تئیس مارچ، سن ایک ہزار نو سو چھپن سے کسی بھی وقت پاکستان میں نافذ العمل کسی دستور کی تنسیخ یا تخریب کی کارروائیوں کو جرم قرار دیا گیا ہو۔","```حفاظت برخلاف عقوبت کا قانون

(1)	کوئی قانون کسی شخص کی سزا کی اجازت نہیں دے گا—

ایسے عمل یا غفلت کے لیے جو عمل یا غفلت کے وقت قانون کے تحت سزا یافتہ نہیں تھا؛ یا

ایسی قانون شکنی کے لیے جس کی سزا اس وقت کے قانون کے مطابق سزا سے زیادہ یا مختلف قسم کی ہو.

(2)	فقرہ (1) یا مضمون 270 میں کوئی چیز اس قانون پر لاگو نہیں ہوگی جو پاکستان میں بیسویں تیسرے مارچ، ایک ہزار نو سو پچاس ساٹھ کے بعد سے کبھی بھی نافذ آئین کی خلاف ورزی یا بربادی کو جرم قرار دے.```"
"Oath of Office

Before entering upon office, the Governor shall make before the Chief Justice of the High Court oath in the form set out in the Third Schedule.","ﻋﮩﺪﮮ ﮐﺎ ﺣﻠﻒ

ﻋﮩﺪﮮ ﭘﺮ ﻓﺎﺋﺰ ﮨﻮﻧﮯ ﺳﮯ ﻗﺒﻞ، ﮔﻮﺭﻧﺮ ﻋﺪﺍﻟﺖ ﻋﺎﻟﯿﮧ ﮐﮯ ﭼﯿﻒ ﺟﺴﭩﺲ ﮐﮯ ﺳﺎﻣﻨﮯ ﺟﺪﻭﻝ ﺳﻮﻡ ﻣﯿﮟ ﺩﺭﺝ ﺷﺪﮦ ﻋﺒﺎﺭﺕ ﻣﯿﮟ ﺣﻠﻒ ﺍﭨﮭﺎﺋﮯ ﮔﺎ۔","```حلفِ عہدہ

عہدہ پر قابض ہونے سے پہلے، گورنر کو ہائی کورٹ کے چیف جسٹس کے سامنے تیسرے شیڈول میں دیے گئے فارم میں حلف اٹھانا پڑے گا۔```"
"Oath of President

Before entering upon office, the President shall make before the Chief Justice of Pakistan oath in the form set out in the Third Schedule.","صدر کا حلف

عہدہ سنبھالنے سے قبل، صدر پاکستان کے چیف جسٹس کے سامنے جدول سوم میں مندرج عبارت میں حلف اٹھائے گا۔","```حلف صدر

دفتر سنبھالنے سے پہلے، صدر پاکستان کے منصف اعظم کے سامنے تیسرے شیڈول میں درج شکل میں حلف اٹھائیں گے۔```"
"National language

(1) The National language of Pakistan is Urdu, and arrangements shall be made for its being used for official and other purposes within fifteen years from the commencing day.

Subject to clause (1), the English language may be used for official purposes until arrangements are made for its replacement by Urdu.

Without prejudice to the status of the National language, a Provincial Assembly may by law prescribe measures for the teaching, promotion and use of a provincial language in addition to the national language.","قومی زبان

(1) پاکستان کی قومی زبان اردو ہے اور یوم آغاز سے پندرہ برس کے اندر اندر اس کو سرکاری و دیگر اغراض کے لیے استعمال کرنے کے انتظامات کیے جائیں گے۔

شق (1) کے تابع، انگریزی زبان اس وقت تک سرکاری اغراض کے لیے استعمال کی جا سکے گی، جب تک کہ اسے اردو سے تبدیل کرنے کے انتظامات نہ ہو جائیں۔

قومی زبان کی حیثیت کو متاثر کیے بغیر، کوئی صوبائی اسمبلی قانون کے ذریعہ کسی صوبائی زبان کی تعلیم، ترقی اور اس کے استعمال کے لیے اقدامات تجویز کر سکے گی۔","```قومی زبان

(1) پاکستان کی قومی زبان اردو ہے، اور اس کے دفتری اور دیگر مقاصد کے لیے استعمال کے لیے انتظامات کرنے ہوں گے انیس سال کے اندر شروع ہونے والے دن سے.

علاوہ براۓ بند (1)، انگریزی زبان دفتری مقاصد کے لیے استعمال کی جا سکتی ہے جب تک کہ اس کی جگہ اردو نہ لے لی جائے.

بغیر کسی تعصب کے قومی زبان کی حیثیت کے ساتھ، ایک صوبائی اسمبلی قانون سے ایسے اقدامات کا تجویز کر سکتی ہے جو ایک صوبائی زبان کی تعلیم، فروغ اور استعمال کے لیے ہوں، قومی زبان کے ساتھ ساتھ.```"
"Safeguard against taxation for purposes of any particular religion

No person shall be compelled to pay any special tax the proceeds of which are to be spent on the propagation or maintenance of any religion other than his own.","کسی خاص مذہب کے لیے محصول لگانے سے تحفظ

کسی شخص کو کوئی ایسا خاص محصول ادا کرنے پر مجبور نہیں کیا جائے گا جس کی آمدنی اس کے اپنے مذہب کے علاوہ کسی اور مذہب کی تبلیغ و ترویج پر صرف کی جائے۔","```
کسی خاص مذہب کے فروغ یا اس کی نگہداشت کے لیے مخصوص ٹیکس کا مطالبہ نہیں کیا جا سکتا جس کی آمدنی کسی شخص کے مذہب کے علاوہ دوسرے مذہب پر خرچ کی جائے۔
```"
"Chief Minister continuing in office

The Governor may ask the Chief Minister to continue to hold office until his successor enters upon the office of Chief Minister.]","وزیراعلیٰ کا عہدے پر

گورنر، وزیراعلیٰ کو اپنے عہدے پر برقرار رہنے کے لیے کہہ سکتا ہے تاوقتیکہ اس کا جانشین

وزیراعلیٰ کے عہدے پر فائز نہ ہو جائے۔","```گورنر وزیر اعلیٰ کو مدت عہدے پر رہنے کا کہہ سکتا ہے

گورنر وزیر اعلیٰ سے درخواست کر سکتا ہے کہ وہ اپنے جانشین کے عہدے پر داخل ہونے تک عہدے پر رہے.]```"
"Qualifications	and	disqualifications	for	membership	of Provincial Assembly

1[113. The qualifications and disqualifications for membership of the National Assembly set out in Articles 62 and 63 shall also apply for membership of a Provincial Assembly as if reference therein to ""National Assembly"" were a reference to ""Provincial Assembly"".]","ﺻﻮﺑﺎﺋﯽ ﺍﺳﻤﺒﻠﯽ ﮐﯽ ﺭﮐﻨﯿﺖ

۳۱۱۔ ﺁﺭﭨﯿﮑﻞ ۲۶ ﺍﻭﺭ ۳۶ ﻣﯿﮟ ﻣﻨﺪﺭﺝ ﻗﻮﻣﯽ ﺍﺳﻤﺒﻠﯽ ﮐﯽ ﺭﮐﻨﯿﺖ ﮐﮯ ﻟﺌﮯ ﺍﮨﻠﯿﺖ ﺍﻭﺭ ﻧﺎﺍﮨﻠﯿﺖ ﮐﺎ ﺍﻃﻼﻕ ﺻﻮﺑﺎﺋﯽ ﺍﺳﻤﺒﻠﯽ ﮐﮯ ﻟﺌﮯ ﺑﮭﯽ ﺍﺱ ﻃﺮﺡ ﮨﻮﮔﺎ ﮔﻮﯾﺎ ﮐﮧ ﺍﺱ ﻣﯿﮟ ﻗﻮﻣﯽ ﺍﺳﻤﺒﻠﯽ ﮐﺎ ﺣﻮﺍﻟﮧ ﺻﻮﺑﺎﺋﯽ ﺍﺳﻤﺒﻠﯽ ﮐﺎ ﺣﻮﺍﻟﮧ ﮨﻮ۔","```صوبائی اسمبلی کی رکنیت کے لیے اہلیت اور نااہلی

1[113. قومی اسمبلی کی رکنیت کے لیے آرٹیکل 62 اور 63 میں درج اہلیت اور نااہلی صوبائی اسمبلی کی رکنیت کے لیے بھی لاگو ہوں گی گویا ""قومی اسمبلی"" کا حوالہ ""صوبائی اسمبلی"" کا حوالہ ہو.]```"
"Retiring age

1[179. A Judge of the Supreme Court shall hold office until he attains the age of sixty-five years, unless he sooner resigns or is removed from office in accordance with the Constitution.].","فارغ الخدمة ہونے

۱۷۹۔ عدالت عظمیٰ کا کوئی جج پینسٹھ سال کی عمر کو پہنچنے تک اپنے عہدے پر فائز رہے گا، بجز اس کے کہ وہ قبل ازیں مستعفی ہو جائے یا اس دستور کے مطابق عہدے سے برطرف کر دیا جائے۔","ریٹائرنگ کی عمر

1[179. سپریم کورٹ کا جج اس وقت تک عہدہ پر فائز رہے گا جب تک کہ وہ پچاسی سال کی عمر تک نہ پہنچ جائے، یہاں تک کہ وہ پہلے استعفیٰ نہ دے یا آئین کے مطابق عہدہ سے ہٹا دیا نہ جائے۔]."
"Freedom	to	profess	religion	and	to	manage	religious institutions

Subject to law, public order and morality,—

every citizen shall have the right to profess, practice and propagate his religion; and

every religious denomination and every sect thereof shall have the right to establish, maintain and manage its religious institutions.","مذہب کی پیروی اور مذہبی اداروں کا انتظام

قانون، امن عامہ اور اخلاق کے تابع،—

ہر شہری کو اپنے مذہب کی پیروی کرنے، اس پر عمل کرنے اور اس کی تبلیغ کرنے کا حق ہوگا؛ اور

ہر مذہبی گروہ اور اس کے ہر فرقے کو اپنے مذہبی ادارے قائم کرنے، برقرار رکھنے اور ان کا انتظام کرنے کا حق ہوگا۔","```مذہب کا اعلان کرنے اور مذہبی اداروں کا انتظام کرنے کی آزادی

قانون، عوامی نظم و نسق اور اخلاقیات کے تابع،—

ہر شہری کو یہ حق ہوگا کہ وہ اپنا مذہب اعلان کرے، عمل پیرا ہو اور اس کا اشاعت کرے؛ اور

ہر مذہبی فرقے اور ہر اس کے طریقے کو یہ حق ہوگا کہ وہ اپنے مذہبی ادارے قائم کرے، برقرار رکھے اور اس کا انتظام کرے۔```"
"Subject-matter of Federal and Provincial laws

Subject to the Constitution—
1[Majlis-e-Shoora (Parliament)] shall have exclusive power to make laws with respect to any matter in the Federal Legislative List;
2[(b) Majlis-e-Shoora (Parliament) and a Provincial Assembly shall have power to make laws with respect to criminal law, criminal procedure and evidence;]
3[(c) Subject to paragraph (b), a Provincial Assembly shall, and Majlis-e-Shoora (Parliament) shall not, have power to make laws with respect to any matter not enumerated in the Federal Legislative List;]
4[(d) Majlis-e-Shoora (Parliament) shall have exclusive power to make laws with respect to all matters pertaining to such areas in the Federation as are not included in any Province].","۲۴۱۔ دستور کے تابع وفاقی اور صوبائی قوانین کے موضوعات

الف) مجلس شوریٰ (پارلیمنٹ) کو وفاقی قانون سازی کی فہرست میں شامل کسی امر کے بارے میں قوانین بنانے کا بلا شرکت غیرے اختیار ہوگا۔

ب) مجلس شوریٰ (پارلیمنٹ) اور کسی صوبائی اسمبلی کو بھی فوجداری قانون، ضابطہ فوجداری اور شہادت کے بارے میں قوانین وضع کرنے کا اختیار ہوگا۔

ج) پیرا (ب) کے مطابق کسی ایسے امر کے بارے میں جو وفاقی قانون سازی کی فہرست میں شامل نہیں ہے، قوانین بنانے کا اختیار صوبائی اسمبلی کو ہوگا اور مجلس شوریٰ (پارلیمنٹ) کو نہیں ہوگا۔

د) مجلس شوریٰ (پارلیمنٹ) کو تمام امور کے بارے میں وفاق کے ایسے علاقوں کے لیے قوانین بنانے کا بلا شرکت غیرے اختیار ہوگا جو کسی صوبے میں شامل نہیں ہیں۔","موضوع وفاقی اور صوبائی قوانین

آئین کے تابع—
1[مجلس شورٰی (پارلیمنٹ)] کو صرف وفاقی قانون سازی کی فہرست میں شامل کسی بھی معاملے کے بارے میں قانون بنانے کا اختیار ہوگا؛
2[(ب) مجلس شورٰی (پارلیمنٹ) اور ایک صوبائی اسمبلی کو فوجداری قانون، فوجداری عمل درآمد اور ثبوت کے بارے میں قانون بنانے کا اختیار ہوگا؛]
3[(ج) پیراگراف (ب) کے تابع، ایک صوبائی اسمبلی کو، اور مجلس شورٰی (پارلیمنٹ) کو نہیں، وفاقی قانون سازی کی فہرست میں درج نہ ہونے والے کسی بھی معاملے کے بارے میں قانون بنانے کا اختیار ہوگا؛]
4[(ڈ) مجلس شورٰی (پارلیمنٹ) کو وفاق میں ایسے علاقوں کے تمام معاملات کے بارے میں قانون بنانے کا اختیار ہوگا جو کسی صوبے میں شامل نہ ہوں۔]"
"Power of the Provinces to entrust functions to the Federation

Notwithstanding anything contained in the Constitution, the Government of a Province may, with the consent of the Federal Government, entrust, either conditionally or unconditionally, to the Federal Government, or to its officers, functions in relation to any matter to which the executive authority of the Province extends 1[:]

2[Provided that the Provincial Government shall get the functions so entrusted ratified by the Provincial Assembly within sixty days.]","آرٹیکل 147: صوبوں کا وفاق کو کارہائے منصبی سپرد کرنے کا اختیار

آئین میں کسی بھی چیز کے باوجود، صوبے کی حکومت وفاقی حکومت کی رضامندی سے، کسی ایسے معاملے سے متعلق، جو صوبے کے عاملانہ اختیار کے دائرے میں آتا ہو، کارہائے منصبی، یا تو مشروط یا غیر مشروط طور پر، وفاقی حکومت یا اس کے عہدیداروں کے سپرد کر سکتی ہے:

مگر شرط یہ ہے کہ صوبائی حکومت کارہائے منصبی کو حاصل کرے گی جو اس طرح سپرد کیے گئے جن کی صوبائی اسمبلی ساٹھ دنوں میں توثیق کرے گی۔","```صوبوں کی طاقت کارروائیوں کو وفاق کے حوالے کرنے کی

آئین میں شامل کسی بھی چیز کے باوجود، کسی صوبے کی حکومت وفاقی حکومت کی رضامندی سے، شرائطی یا غیر شرائطی طور پر، وفاقی حکومت یا اس کے افسران کو ایسے معاملات سے متعلق کارروائیاں سونپ سکتی ہے جس پر صوبے کی انتظامی اختیارات پھیلی ہوئی ہیں:

پروائیڈڈ یہ کہ صوبائی حکومت ایسی کارروائیوں کو صوبائی اسمبلی سے ستر دنوں کے اندر منظور کروائے گی.```"
"Provision relating to the State of Jammu and Kashmir

When the people of the State of Jammu and Kashmir decide to accede to Pakistan, the relationship between Pakistan and that State shall be determined in accordance with the wishes of the people of that State.",جب ریاست جموں و کشمیر کے عوام پاکستان میں شامل ہونے کا فیصلہ کریں، تو پاکستان اور مذکورہ ریاست جموں و کشمیر کے درمیان تعلقات مذکورہ ریاست کے عوام کی خواہشات کے مطابق متعین ہوں گے۔,"```ریاست جموں اور کشمیر سے متعلق شق

جب ریاست جموں اور کشمیر کے لوگ پاکستان سے الحاق کا فیصلہ کریں گے، پاکستان اور اس ریاست کے درمیان تعلق اس ریاست کے لوگوں کی خواہشات کے مطابق طے کیا جائے گا۔```"
"Extent of executive authority of Federation

Subject to the Constitution, the executive authority of the federation shall extend to the matters with respect to which 1[Majlis-e- Shoora (Parliament)] has power to make laws, including exercise of rights, authority and jurisdiction in and in relation to areas outside Pakistan :

Provided that the said authority shall not, save as expressly provided in the Constitution or in any law made by 1[Majlis-e-Shoora (Parliament)], extend in any Province to a matter with respect to which the Provincial Assembly has also power to make laws.","
وفاق کے عاملانہ اختیار

دستور کے تابع، وفاق کا عاملانہ اختیار ان امور پر حاوی ہوگا جن کے بارے میں مجلس شوریٰ (پارلیمنٹ) کو قوانین وضع کرنے کا اختیار ہے، جس میں پاکستان میں اور اس سے باہر کے علاقوں کے متعلق حقوق، اقتدار اور دائرہ اختیار کو بروئے کار لانا شامل ہے:

مگر شرط یہ ہے کہ مذکورہ اقتدار، ماسواۓ جیسا کہ دستور میں یا مجلس شوریٰ (پارلیمنٹ) کے وضع کردہ کسی قانون میں بالصرات موجود ہو، کسی صوبے میں کسی ایسے امر پر حاوی نہیں ہوگا جس کے بارے میں صوبائی اسمبلی کو بھی قوانین وضع کرنے کا اختیار ہو۔
","```فیڈریشن کے ایگزیکٹو اختیارات کا دائرہ کار

آئین کے مطابق، فیڈریشن کے ایگزیکٹو اختیارات کا دائرہ کار ان معاملات تک پھیلا ہوگا جن کے بارے میں 1[مجلس شوریٰ (پارلیمنٹ)] کو قوانین بنانے کا اختیار ہے، جس میں پاکستان سے باہر علاقوں میں حقوق، اختیارات اور اختیارات کا استعمال شامل ہے:

بشرطیکہ یہ اختیارات آئین یا کسی بھی 1[مجلس شوریٰ (پارلیمنٹ)] کے ذریعے بنائی گئی قانون میں صراحتاً بیان نہ کیا جائے، کسی بھی صوبے میں اس حد تک پھیلا نہیں ہوں گے جہاں صوبائی اسمبلی کو بھی قوانین بنانے کا اختیار ہے۔```"
"Provisions relating to the Holy Quran and Sunnah

(1) All existing laws shall be brought in conformity with the Injunctions of Islam as laid down in the Holy Quran and Sunnah, in this part referred to as the Injunctions of Islam, and no law shall be enacted which is repugnant to such Injunctions.

1[Explanation.—In the application of this clause to the personal law of any Muslim sect, the expression ""Quran and Sunnah"" shall mean the Quran and Sunnah as interpreted by the sect.]
Effect shall be given to the provisions of clause (1) only in the manner provided in this Part.
Nothing in this Part shall affect the personal laws of non- Muslim citizens or their status as citizens.","۷۲۲۔ تمام موجودہ قوانین کو قرآن پاک اور سنت کے احکام کے مطابق بنایا جائے گا، جن کا اس حصے میں بطور اسلامی احکام حوالہ دیا گیا ہے، اور ایسا کوئی قانون وضع نہیں کیا جائے گا جو مذکورہ احکام کے منافی ہو۔

تشریح: کسی مسلم فرقے کے قانون شخصی پر اس شق کا اطلاق کرتے ہوئے، عبارت ""قرآن و سنت"" سے مراد مذکورہ فرقے کی کی ہوئی تفسیر کے مطابق قرآن اور سنت ہوگی۔

شق ۱ کے احکام کو صرف اس طریقے کے مطابق نافذ کیا جائے گا جو اس حصے میں منضبط ہے۔

اس حصے میں کسی امر کا غیر مسلم شہریوں کے قوانین شخصی یا شہریوں کی بطور ان کی حیثیت پر اثر نہیں پڑے گا۔","```قرآن پاک اور سنت کے بارے میں احکامات

(1) تمام موجودہ قوانین کو اسلامی احکامات کے مطابق کر دیا جائے گا جو قرآن پاک اور سنت میں وضع کیے گئے ہیں، اس حصے میں اسلامی احکامات کہلائیں گے، اور کوئی قانون نہیں بنایا جائے گا جو ایسے احکامات کے خلاف ہو۔

1[وضاحت.—اس فقرے کے اطلاق پر کسی مسلم فرقے کے شخصی قانون میں، اصطلاح ""قرآن اور سنت"" کا مطلب ہوگا قرآن اور سنت جیسا کہ فرقے نے تشریح کیا ہے۔]
اس فقرے کے احکامات کا اثر صرف اس حصے میں وضع کیے گئے طریقے سے ہی دیا جائے گا۔
اس حصے میں کوئی چیز غیر مسلم شہریوں کے شخصی قوانین یا ان کی حیثیت شہری کو متاثر نہیں کرے گی۔```"
"Power of Council to enforce attendance of persons, etc.

(1)     For the purpose of inquiring into any matter, the Council shall have the same power as the Supreme Court has to issue directions or orders for securing the attendance of any person or the discovery or production of any document; and any such direction or order shall be enforceable as if it had been issued by the Supreme Court.

1 Subs. by the Constitution (Eighteenth Amdt.) Act, 2010 (10 of 2010), s. 76, for “clause (5)”.


(2)   The provisions of Article 204 shall apply to the Council as they apply to the Supreme Court and a High Court.","کونسل کا اشخاص وغیرہ

(1) کسی معاملے کی تحقیقات کی غرض کے لیے، کونسل کو وہی اختیارات حاصل ہوں گے جو عدالت عظمیٰ کو کسی شخص کو حاضر عدالت کرانے کے لیے یا کسی دستاویز کی برآمدگی یا اس کو پیش کرنے کے لیے ہدایات یا احکام جاری کرنے کے لیے حاصل ہیں؛ اور کوئی ایسی ہدایت یا حکم اس طرح قابل نفاذ ہوگا گویا کہ وہ عدالت عظمیٰ کی جانب سے جاری ہوا ہو۔

(2) آرٹیکل 204 کے احکام کا اطلاق کونسل پر اس طرح ہوگا جس طرح ان کا اطلاق عدالت عظمیٰ یا کسی عدالت عالیہ پر ہوتا ہے۔","```پاکستانی قومی اسمبلی کی ایوان میں کوئی بھی معاملے کی تحقیقات کے لیے، کونسل کو عدالت عظمیٰ کے پاس اسی طرح کی صلاحیت ہوگی جیسے کہ عدالت عظمیٰ کے پاس ہے کہ وہ کسی شخص کی حاضری کو یقینی بنانے کے لیے ہدایات یا احکامات جاری کر سکے یا کسی دستاویز کی دریافت یا پیشکش کو یقینی بنانے کے لیے؛ اور کوئی بھی ایسی ہدایت یا حکم اس طرح نافذ ہوگا جیسے کہ یہ عدالت عظمیٰ سے جاری ہوا ہو.

1 آئین (اٹھارہویں ترمیم) قانون، 2010 (10 آف 2010)، سیکشن 76، کے ذریعے ""کلاز (5)"" کے لیے تبدیل کیا گیا۔

(2)  آرٹیکل 204 کی دفعات کونسل پر بھی لاگو ہوں گی، جیسے کہ وہ عدالت عظمیٰ اور ایک ہائی کورٹ پر لاگو ہوتی ہیں۔```"
"Custody, etc., of Federal Consolidated Fund and Public Account

The custody of the Federal Consolidated Fund, the payment of moneys into that Fund, the withdrawal of moneys therefrom, the custody of other moneys received by or on behalf of the Federal Government, their payment into, and withdrawal from, the Public Account of the Federation, and all matters connected with or ancillary to the matters aforesaid shall be regulated by Act of 1[Majlis-e-Shoora (Parliament)] or, until provision in that behalf is so made, by rules made by the President.","وفاقی مجموعی فنڈ کی تحویل، اس فنڈ میں رقوم کی ادائیگی، اس سے رقوم کی بازخواست، وفاقی حکومت کی طرف سے یا اس کی طرف سے وصول شدہ دیگر رقوم کی تحویل، وفاق کے سرکاری حساب میں ان کی ادائیگی اور بازخواست، اور مذکورہ بالا امور سے متعلق یا ضمنی جملہ امور مجلس شوریٰ (پارلیمنٹ) کے ایکٹ کے ذریعے یا، اس بارے میں اس طرح احکام وضع ہونے تک، صدر کے وضع کردہ قواعد کے بموجب منضبط ہوں گے۔

احیائے دستور 1973ء کا فرمان، 1995ء فرمان صدر نمبر 14 مجریہ 1981ء کے آرٹیکل 1 اور جدول کی رد سے پارلیمنٹ کی بجائے تبدیل کئے گئے۔

اسلامی جمہوریہ پاکستان کا دستور","وفاقی مرکزی فنڈ اور عوامی حساب کی حراست وغیرہ

وفاقی مرکزی فنڈ کی حراست، اس فنڈ میں پیسے جمع کرنا، اس سے پیسے نکالنا، وفاقی حکومت کے ذریعے یا اس کی طرف سے وصول کیے گئے دیگر پیسوں کی حراست، ان کا عوامی حسابِ وفاق میں جمع کرنا اور انہیں اس سے نکالنا، اور ان معاملات سے متعلق یا ان کے ساتھ ملحق تمام معاملات کا انتظام مجلسِ شوریٰ (پارلیمنٹ) کے ایکٹ سے یا، اس کے لیے انتظامات کیے جانے تک، صدر کے بنائے گئے قوانین سے کیا جائے گا۔"
"Participation of people in Armed Forces

The State shall enable people from all parts of Pakistan to participate in the Armed Forces of Pakistan.",۹۳۔ مملکت پاکستان کے تمام علاقوں کے لوگوں کو پاکستان کی مسلح افواج میں شرکت کے قابل بنائے گی۔,```ریاست پاکستان کے تمام حصوں سے لوگوں کو پاکستان کی مسلح افواج میں شرکت کرنے کے قابل بنائے گی۔```
"Power of Auditor-General to give directions as to accounts

4[(1)] The accounts of the Federation and of the Provinces shall be kept in such form and in accordance with such principles and methods as the Auditor-General may, with the approval of the President, prescribe.

4[(2) The audit of the accounts of the Federal and of the Provincial Governments and the accounts of any authority or body established by, or under the control of, the Federal or a Provincial Government shall be conducted by the Auditor-General, who shall determine the extent and nature of such audit.]","۱۔ وفاق اور صوبوں کے حسابات، ایسی شکل میں اور ایسے اصولوں اور طریقوں کے مطابق رکھے جائیں گے جنہیں محاسب اعلیٰ، صدر کی منظوری سے، مقرر کرے۔

۲۔ وفاقی اور صوبائی حکومتوں کے حسابات اور کسی بھی بنیت مجاز یا جماعت جو کہ وفاقی یا صوبائی حکومت کی جانب سے قائم کی گئی یا اس پر نگرانی ہو، کے حسابات کا محاسبہ محاسب اعلیٰ انجام دے گا، جو کہ مذکورہ محاسبہ کی وسعت اور نوعیت کا تعین کرے گا۔","```وفاق اور صوبوں کے حساب کتاب کی نگرانی کا اختیار - آڈیٹر جنرل کو ہدایات دینے کا اختیار

4[(1)] وفاق اور صوبوں کے حساب کتاب ایسی شکل میں اور ایسے اصولوں اور طریقوں کے مطابق رکھے جائیں گے جیسے آڈیٹر جنرل صادر جناب صدر کی منظوری سے طے کریں گے۔

4[(2) وفاقی اور صوبائی حکومتوں کے حساب کتاب کی اور کسی بھی اتھارٹی یا ادارے کے حساب کتاب کی جو وفاقی یا صوبائی حکومت کے زیر قابو قائم کیا گیا ہو کا آڈٹ آڈیٹر جنرل کرے گا جس کی حدود اور قسم آڈیٹر جنرل مقرر کرے گا۔]```"
"Bill not to lapse on prorogation, etc.

(1)     A Bill pending in either House shall not lapse by reason of the prorogation of the House.

A Bill pending in the Senate which has not been passed by the National Assembly shall not lapse on the dissolution of the National Assembly.

A Bill pending in the National Assembly, or a Bill which having been passed by the National Assembly is pending in the Senate, shall lapse on the dissolution of the National Assembly.","کسی بھی ایوان میں زیر غور کوئی بل اس ایوان کی برخاستگی کی بناء پر ساقط نہیں ہوگا۔

سینیٹ میں زیر غور کوئی بل جسے قومی اسمبلی نے منظور نہ کیا ہو، قومی اسمبلی کے ٹوٹنے پر ساقط نہیں ہوگا۔

قومی اسمبلی میں زیر غور کوئی بل یا کوئی بل جو قومی اسمبلی سے منظور ہو جانے پر سینیٹ میں زیر غور ہو، قومی اسمبلی کے ٹوٹنے پر ساقط ہو جائے گا۔","```بل پروروگیشن اور دیگر وجوہات پر ختم نہیں ہوگا۔

(1) کسی بھی ایوان میں زیر التواء بل ایوان کی پروروگیشن کی وجہ سے ختم نہیں ہوگا۔

سینیٹ میں زیر التواء بل جو قومی اسمبلی کی منظوری سے گذرا نہیں ہوگا، اس کی وجہ سے قومی اسمبلی کی تحلیل پر ختم نہیں ہوگا۔

قومی اسمبلی میں زیر التواء بل، یا ایسا بل جو قومی اسمبلی کی منظوری سے گذر کر سینیٹ میں زیر التواء ہو، قومی اسمبلی کی تحلیل پر ختم ہو جائے گا۔```"
"Reference by 3[Majlis-e-Shoora (Parliament)], etc., to Islamic Council
The President or the Governor of a Province may, or if two-fifths of its total membership so requires, a House or a Provincial Assembly shall, refer to the Islamic Council for advice any question as to whether a proposed law is or is not repugnant to the Injunctions of Islam.","۳[مجلسِ شوریٰ (پارلیمنٹ)] وغیرہ کی اسلامی کونسل کو حوالہ

صدر یا کسی صوبے کا گورنر، یا اگر کسی ایوان یا کسی صوبائی اسمبلی کی کل رکنیت کا دو پانچواں حصہ یہ مطالبہ کرے، تو کسی سوال پر اسلامی کونسل سے مشورہ کیا جائے گا کہ آیا کوئی مجوزہ قانون اسلام کے احکام کے منافی ہے یا نہیں۔","```مجلسِ شوریٰ (پارلیمنٹ) کا حوالہ دینا وغیرہ، اسلامی کونسل کو
صدر یا کسی صوبے کے گورنر حوالہ دے سکتے ہیں یا اگر اس کی کل رکنیت کا دو پانچواں حصہ ایسا طلب کرے تو، ایوان یا صوبائی اسمبلی کو حوالہ دینا ہوگا، اسلامی کونسل سے مشورہ کے لیے کوئی سوال جو یہ ہو کہ کیا پیش کی جانے والی قانون موجودہ قانون کے منافی ہے یا نہیں۔```"
"Remuneration etc., of judges
The remuneration and other terms and conditions of service of a Judge of the Supreme Court or of a High Court shall be as provided in the

1 Paragraphs (c), (d) and (e) added ibid.
2 Subs. by P O. No. 14 of 1985, Art. 2 and Sch., for ""Article 204"".

Fifth Schedule.","ججوں کا مشاہرہ

سپریم کورٹ یا کسی ہائی کورٹ کے کسی جج کا مشاہرہ اور دوسری شرائط ملازمت وہ ہوں گی جو جدول پنجم میں مذکور ہیں۔","```
ججوں کی تنخواہ وغیرہ
عدالت عظمیٰ یا ہائی کورٹ کے جج کی تنخواہ اور دیگر خدمت کی شرائط وقواعد وہی ہوں گی جو پانچویں شیڈول میں درج ہیں۔

1 حروف (سی)، (دی) اور (ای) کے پیراگراف اسی طرح شامل کیے گئے۔
2 ""آرٹیکل 204"" کی جگہ ""پی او نمبر 14، 1985، آرٹیکل 2 اور شیڈول"" سے تبدیل کر دیا گیا۔

پانچویں شیڈول```"
"Definitions

203B. In this Chapter, unless there is anything repugnant in the subject or context,—

1[(a)	""Chief Justice"" means Chief Justice of the Court;]

""Court"" means the Federal Shariat Court constituted in pursuance of Article 203C ;

2[(bb)	""Judge"" means Judge of the Court;]

""law"" includes any custom or usage having the force of law but does not include the Constitution, Muslim personal law, any law relating to the procedure of any court or tribunal or, until the expiration of 3[ten] years from the commencement of this Chapter, any fiscal law or any law relating to the levy and collection of taxes and fees or banking or insurance practice and procedure ; and","
۳۰۲۔ب۔ اس باب میں، تاوقتیکہ کوئی امر موضوع یا سیاق و سباق کے منافی نہ ہو، تعریفات:

(الف) ""چیف جسٹس"" سے عدالت کا چیف جسٹس مراد ہے؛

(ب) ""عدالت"" سے آرٹیکل ۳۰۲ج کے بموجب تشکیل کردہ وفاقی شرعی عدالت مراد ہے؛

(بب) ""جج"" سے اس عدالت کا جج مراد ہے؛

(ج) ""قانون"" میں کوئی رسم یا رواج شامل ہے جو قانون کا اثر رکھتا ہو مگر اس میں دستور، مسلم شخصی قانون، کسی عدالت یا ٹریبونل کے ضابطہ کار سے متعلق کوئی قانون یا، اس باب کے آغاز نفاذ سے دس سال کی مدت گزرنے تک، کوئی مالی قانون یا محصولات یا فیسوں کے عائد کرنے اور جمع کرنے یا بنکاری یا بیمہ کے عمل اور طریقہ سے متعلق کوئی قانون شامل نہیں ہے؛ اور
","```تعاریف

203بی. اس باب میں، جب تک کہ موضوع یا سیاق و سباق میں کوئی چیز متعارض نہ ہو،—

1[(اے)	""چیف جسٹس"" سے مراد عدالت کا چیف جسٹس ہے؛]

""عدالت"" سے مراد فیڈرل شریعت عدالت ہے جو آرٹیکل 203سی کے تحت قائم کی گئی ہے؛

2[(بب)	""جج"" سے مراد عدالت کا جج ہے؛]

""قانون"" میں کوئی بھی رواج یا عمل شامل ہے جس کا قانونی درجہ ہو مگر اس میں آئین، مسلم شخصی قانون، کسی عدالت یا عدالتی عمل درآمد سے متعلق کوئی قانون یا، اس باب کے نفاذ کے بعد 3[دس] سال تک، کوئی بھی مالیاتی قانون یا کسی ٹیکس اور فیس کی وصولی سے متعلق قانون یا بینکنگ یا انشورنس پریکٹس اور عمل درآمد شامل نہیں ہے؛ اور```"
"Removal of doubt
267B. For removal of doubt it is hereby declared that Article 152A omitted and Articles 179 and 195 substituted by the Constitution (Seventeenth Amendment) Act, 2003 (Act No. III of 2003), notwithstanding its repeal, shall be deemed always to have been so omitted and substituted.]",۷۶۲ﺏ۔ ازالہ شک کے لیے بذریعہ ہذا قرار دیا جاتا ہے کہ آرٹیکل ۱۵۲اے کو حذف اور آرٹیکل ۱۷۹ اور ۱۹۵ کو دستور (سترہویں ترمیم) ایکٹ، ۲۰۰۳ (ایکٹ نمبر ۳ بابت ۲۰۰۳) کے ذریعے تبدیل کر دیے گئے ہیں، ان کی تنسیخ کے باوجود، ہمیشہ اسی طرح حذف شدہ اور تبدیل شدہ متصور ہوں گے۔,"شک دور کرنے کے لئے
267ب. شک دور کرنے کے لئے یہ اعلان کیا جاتا ہے کہ دفعہ 152اے کو ہٹا دیا گیا اور دفعہ 179 اور 195 کو آئین (سترہویں ترمیمی) ایکٹ، 2003 (ایکٹ نمبر III آف 2003) نے عوض کر دیا، اس کی منسوخی کے باوجود، ہمیشہ سے ہٹایا اور عوض کیا جانا سمجھا جائے گا۔]"
"Prime Minister continuing in office

The President may ask the Prime Minister to continue to hold office until his successor enters upon the office of Prime Minister.",۴۱۔ صدر وزیر اعظم سے اپنے عہدے پر برقرار رہنے کے لیے کہہ سکے گا جب تک کہ اس کا جانشین وزیر اعظم کے عہدے پر فائز نہ ہو جائے۔,"وزیر اعظم کا عہدہ جاری رکھنا

صدر وزیر اعظم سے کہ سکتے ہیں کہ وہ اپنے جانشین کے وزیر اعظم کے عہدے پر فائز ہونے تک عہدہ برقرار رکھے۔"
"Prior sanction of President required to Bills affecting taxation in which Provinces are interested

No Bill or amendment which imposes or varies a tax or duty the whole or part of the net proceeds whereof is assigned to any Province, or which varies the meaning of the expression ""agricultural income"" as defined for the purposes of the enactments relating to income-tax, or which affects the principles on which under any of the foregoing provisions of this Chapter moneys are or may be distributable to Provinces, shall be introduced or moved in the National Assembly except with the previous sanction of the President.",کوئی ایسا بل یا ترمیم جس سے کوئی ایسا محصول یا ڈیوٹی عائد ہوتی ہو، یا تبدیل ہوتی ہو جس کی اصل آمدنی کلی یا جزوی طور پر کسی صوبے کو تفویض کی جاتی ہو، یا جس سے زرعی آمدنی کی اصطلاح کا وہ مفہوم تبدیل ہوتا ہو جو حصول آمدنی سے متعلق وضع کردہ قوانین کی اغراض کے لیے متعین کیا گیا ہے یا جو ان اصولوں کو متاثر کرتی ہو جن پر اس باب کے مذکورہ بالا احکام میں سے کسی کے تحت رقوم صوبوں میں تقسیم کی جاتی ہوں یا کی جا سکتی ہوں، صدر کی ماقبل منظوری کے بغیر نہ قومی اسمبلی میں پیش کی جائے گی نہ اس کی تحریک کی جائے گی۔,"```صدر کی پیشگی سند کی ضرورت بلوں کے لئے جن کا تعلق ٹیکسیشن سے ہو جس میں صوبے دلچسپی رکھتے ہیں

کوئی بل یا ترمیم جو ٹیکس یا ڈیوٹی لگائے یا اس کی رقم کو بدلے جس کی پوری یا کچھ خالص آمدنی کوئی صوبے کے لئے مقرر کی گئی ہو، یا جو زرعی آمدنی کے معنی کو بدلے جیسا کہ آمدنی ٹیکس سے متعلق قوانین کے لئے بیان کیا گیا ہے، یا جو ان اصولوں کو متاثر کرے جن پر اس باب کی پچھلی شرائط کے تحت مالیہ وتقسیم کیا جا سکتا ہے، قومی اسمبلی میں پیش نہیں کیا جائے گا بغیر صدر کی پیشگی منظوری کے.```"
"Oath of Office

Before entering upon office, the Chief Justice of Pakistan shall make before the President, and any other Judge of the Supreme Court shall make before the Chief Justice, oath in the form set out in the Third Schedule.",عہدہ سنبھالنے سے قبل، چیف جسٹس پاکستان صدر کے سامنے، اور عدالت عظمیٰ کا کوئی دوسرا جج چیف جسٹس کے سامنے، اس عبارت میں حلف اٹھائے گا جو جدول سوم میں درج کی گئی ہے۔,"```قسم عہدہ

عہدے کی ذمہ داری سنبھالنے سے پہلے، پاکستان کے چیف جسٹس کو صدر کے سامنے، اور سپریم کورٹ کے کسی بھی دوسرے جج کو چیف جسٹس کے سامنے، تیسرے شیڈول میں درج طریقے سے قسم اٹھانی چاہئے۔```"
"Repeal

The Interim Constitution of the Islamic Republic of Pakistan, together with the Acts and President's Orders making omissions from, additions to, modifications of, or amendments in, that Constitution is hereby repealed.","تنسیخ

اسلامی جمہوریہ پاکستان کا عبوری دستور، مع ان ایکٹوں اور صدر کے فرامین کے جن کے ذریعے اس دستور میں محذوفات، اضافے، ردوبدل یا ترامیم کی گئیں، بذریعہ ہذا منسوخ کیا جاتا ہے۔","منسوخی

اسلامی جمہوریہ پاکستان کے عبوری دستور کے ساتھ ساتھ اس دستور میں خارج کرنے، اضافے کرنے، ترمیم کرنے، یا ترامیم کرنے والے ایکٹس اور صدر کے احکامات کو یہاں فوراً منسوخ کیا جاتا ہے۔"
"Duration of Provincial Assembly

A Provincial Assembly shall, unless sooner dissolved, continue for a term of five years from the day of its first meeting and shall stand dissolved at the expiration of its term.","ﺻﻮﺑﺎﺋﯽ ﺍﺳﻤﺒﻠﯽ ﮐﯽ ﻣﯿﻌﺎﺩ

ﮐﻮﺋﯽ ﺻﻮﺑﺎﺋﯽ ﺍﺳﻤﺒﻠﯽ، ﺍﮔﺮ ﻭﮦ ﻗﺒﻞ ﺍﺯ ﻭﻗﺖ ﺗﻮﮌ ﻧﮧ ﺩﯼ ﺟﺎﺋﮯ، ﺍﭘﻨﮯ ﭘﮩﻠﮯ ﺍﺟﻼﺱ ﮐﯽ ﺗﺎﺭﯾﺦ ﺳﮯ ﭘﺎﻧﭻ ﺳﺎﻝ ﮐﯽ ﻣﯿﻌﺎﺩ ﺗﮏ ﺑﺮﻗﺮﺍﺭ ﺭﮨﮯ ﮔﯽ ﺍﻭﺭ ﺍﭘﻨﯽ ﻣﯿﻌﺎﺩ ﮐﮯ ﺍﺧﺘﺘﺎﻡ ﭘﺮ ﺗﻮﭦ ﺟﺎﺋﮯ ﮔﯽ۔","```صوبائی اسمبلی کی مدت

صوبائی اسمبلی پانچ سال کی مدت تک قائم رہے گی، الا یہ کہ وہ پہلے تحلیل ہو جائے۔ اس کی پہلی بیٹھک کے دن سے پانچ سال کی میعاد ختم ہونے پر وہ خود بخود تحلیل ہو جائے گی۔```"
"Right to speak in Provincial Assembly

The Advocate-General shall have the right to speak and otherwise take part in the proceedings of the Provincial Assembly or any committee thereof of which he may be named a member, but shall not by virtue of this Article be entitled to vote.",۱۱۱۔ ایڈووکیٹ جنرل کو صوبائی اسمبلی یا اس کی کسی کمیٹی میں، جس کا اسے رکن نامزد کر دیا جائے، تقریر کرنے اور بصورت دیگر اس کی کارروائی میں حصہ لینے کا حق ہوگا، لیکن اس آرٹیکل کی رو سے وہ ووٹ دینے کا مستحق نہ ہوگا۔,"```صوبائی اسمبلی میں بولنے کا حق

ایڈووکیٹ جنرل کو صوبائی اسمبلی یا اس کی کسی بھی کمیٹی کے اجلاس میں بولنے اور دیگر طریقوں سے حصہ لینے کا حق ہوگا، جس کا وہ رکن نامزد کیا جا سکتا ہے، لیکن اس دفعہ کے تحت وہ ووٹ دینے کا حقدار نہیں ہوگا۔```"
"Protection against double punishment and self incrimination

No person—

shall be prosecuted or punished for the same offence more than once; or

shall, when accused of an offence, be compelled to be a witness against himself.","ﺩﻭﮨﺮﯼ ﺳﺰﺍ ﺍﻭﺭ ﺍﭘﻨﮯ ﺧﻼﻑ ﮔﻮﺍﮦ ﺑﻨﻨﮯ ﮐﺎ ﺗﺤﻔﻆ

ﮐﺴﯽ ﺷﺨﺺ ﮐﻮ—

ﯾﮧ ﺍﯾﮏ ﮨﯽ ﺟﺮﻡ ﮐﯽ ﺑﻨﺎﺀ ﭘﺮ ﺍﯾﮏ ﺑﺎﺭ ﺳﮯ ﺯﯾﺎﺩﮦ ﻧﮧ ﺗﻮ ﻣﻘﺪﻣﮧ ﭼﻼﯾﺎ ﺟﺎﺋﮯ ﮔﺎ ﺍﻭﺭ ﻧﮧ ﺳﺰﺍ ﺩﯼ ﺟﺎﺋﮯ ﮔﯽ؛ ﯾﺎ

ﺟﺐ ﮐﮧ ﺍﺱ ﭘﺮ ﮐﺴﯽ ﺟﺮﻡ ﮐﺎ ﺍﻟﺰﺍﻡ ﮨﻮ، ﺍﺱ ﺑﺎﺕ ﭘﺮ ﻣﺠﺒﻮﺭ ﻧﮩﯿﮟ ﮐﯿﺎ ﺟﺎﺋﮯ ﮔﺎ ﮐﮧ ﻭﮦ ﺍﭘﻨﮯ ﮨﯽ ﺧﻼﻑ ﮔﻮﺍﮦ ﺑﻨﮯ۔","```دوہرا سزا اور خود اپر مجرم ثابت کرنے سے حفاظت

کوئی شخص—

ایک ہی جرم کے لیے دوبار سے زیادہ مقدمہ چلایا جائے گا یا سزا دی جائے گی؛ یا

جب کسی جرم میں ملزم ٹھہرایا جائے، خود اپنے خلاف گواہ بننے پر مجبور نہیں کیا جائے گا۔```"
"The Republic and its territories
11.	(1)	Pakistan shall be Federal Republic to be known as the Islamic Republic of Pakistan, hereinafter referred to as Pakistan.

2[(2)	The territories of Pakistan shall comprise—

the	Provinces	of	3[Balochistan],	the	4[Khyber Pakhtunkhwa], the Punjab and 5[Sindh];
the Islamabad Capital Territory, hereinafter referred to as the Federal Capital; 6[and]
6[(c)	*	*	*	*	*	*]

6[(c)] such States and territories as are or may be included in Pakistan, whether by accession or otherwise.

(3) 7[Majlis-e-Shoora (Parliament)] may by law admit into the Federation new States or areas on such terms and conditions as it thinks fit.]","۱۔ مملکت پاکستان ایک وفاقی جمہوریہ ہوگی جس کا نام اسلامی جمہوریہ پاکستان ہوگا جسے بعد ازیں پاکستان کہا جائے گا۔

۲۔ پاکستان کے علاقے مندرجہ ذیل پر مشتمل ہوں گے:

- صوبہ جات: بلوچستان، خیبر پختونخوا، پنجاب اور سندھ؛
- دارالحکومت اسلام آباد کا علاقہ جس کا حوالہ بعد ازیں وفاقی دارالحکومت کے طور پر دیا گیا ہے؛
- ایسی ریاستیں اور علاقے جو الحاق کے ذریعے یا کسی اور طریقے سے پاکستان میں شامل ہیں یا ہو جائیں۔

۳۔ مجلس شوریٰ (پارلیمنٹ) بذریعہ قانون وفاق میں نئی ریاستوں یا علاقوں کو ایسی قیود و شرائط پر داخل کر سکے گی جو وہ مناسب سمجھے۔","```پاکستان اور اس کے علاقے
11.	(1)	پاکستان ایک وفاقی جمہوریہ ہوگا جسے اسلامی جمہوریہ پاکستان کے نام سے جانا جائے گا، یہاں سے آگے پاکستان کہلائے جائے گا۔

2[(2)	پاکستان کے علاقے اس میں شامل ہوں گے—

صوبے 3[بلوچستان]، 4[خیبر پختونخوا]، پنجاب اور 5[سندھ]؛
دار الحکومت اسلام آباد، یہاں سے آگے فیڈرل کیپیٹل کہلائے جائے گا؛ 6[اور]
6[(سی)	*	*	*	*	*	*]

6[(سی)] وہ ریاستیں اور علاقے جو پاکستان میں شامل ہیں یا ہو سکتے ہیں، چاہے انضمام کے ذریعے ہو یا کسی اور طریقے سے۔

(3) 7[مجلس شوریٰ (پارلیمنٹ)] قانون کے ذریعے نئی ریاستیں یا علاقے فیڈریشن میں شامل کر سکتی ہے جن شرائط پر وہ فیصلہ کرے۔]```"
"Annual Budget Statement

(1) The Federal Government shall, in respect of every financial year, cause to be laid before the National Assembly a statement of the estimated receipt and expenditure of the Federal Government for that year, in this Part, referred to as the Annual Budget Statement.

The Annual Budget Statement shall show separately—

the sums required to meet expenditure described by the Constitution as expenditure charged upon the Federal Consolidated Fund; and

the sums required to meet other expenditure proposed to be made from the Federal Consolidated Fund;

and shall distinguish expenditure on revenue account from other expenditure.","سالانہ کیفیت نامہ

(1) وفاقی حکومت ہر مالی سال کی بابت، وفاقی حکومت کی اس سال کی تخمینی آمدنی اور مصارف کا بجٹ کیفیت نامہ قومی اسمبلی کے سامنے پیش کرائے گی، جس کا اس حصہ میں سالانہ کیفیت نامہ بجٹ کے طور پر حوالہ دیا گیا ہے۔

سالانہ کیفیت نامہ بجٹ میں مندرجہ ذیل علیحدہ علیحدہ ظاہر کی جائیں گی—

الف) ایسی رقوم جو ان مصارف کو پورا کرنے کے لیے درکار ہوں جنہیں دستور میں وفاقی مجموعی فنڈ پر واجب الادا بیان کیا گیا ہے؛ اور

ب) ایسی رقوم جو ایسے دیگر مصارف کو پورا کرنے کے لیے درکار ہوں، جن کی وفاقی مجموعی فنڈ سے ادائیگی کی تجویز کی گئی ہو؛

اور محاصل کے حساب میں سے ہونے والے مصارف اور دیگر مصارف میں تفریق رکھی جائے گی۔","سالانہ بجٹ بیان

(1) وفاقی حکومت ہر سال کے لیے قومی اسمبلی کے سامنے وفاقی حکومت کے اندازے کردہ وصولی اور اخراجات کا بیان پیش کروائے گی، اس حصے میں سالانہ بجٹ بیان کہلائے گا۔

سالانہ بجٹ بیان میں الگ الگ دکھایا جائے گا—

آئین کے ذریعے وفاقی مجموعی فنڈ پر عائد اخراجات کے طور پر بیان کیے گئے اخراجات کو پورا کرنے کے لیے درکار رقم؛ اور

وفاقی مجموعی فنڈ سے کیے جانے والے دیگر اخراجات کو پورا کرنے کے لیے درکار رقم؛

اور یہ آمدنی کے حساب سے اخراجات کو دوسرے اخراجات سے الگ کرے گا۔"
"Ownerless property

(1)      Any property which has no rightful owner shall, if located in a Province, vest in the Government of that Province, and in every other case, in the Federal Government.

(2) All lands, minerals and other things of value within the continental shelf or underlying the ocean 1[beyond] the territorial waters of Pakistan shall vest in the Federal Government.

2[(3) Subject to the existing commitments and obligations, mineral oil and natural gas within the Province or the territorial water adjacent thereto shall vest jointly and equally in that Province and the Federal Government.]","ﺑﯿﺮﻭﻥ ﻣﻠﮏ ﺟﺎﺋﯿﺪﺍﺩ

(1) ﺍﯾﺴﯽ ﮐﻮﺋﯽ ﺟﺎﺋﯿﺪﺍﺩ، ﺟﺲ ﮐﺎ ﮐﻮﺋﯽ ﺟﺎﺋﺰ ﻣﺎﻟﮏ ﻧﮧ ﮨﻮ، ﺍﮔﺮ ﮐﺴﯽ ﺻﻮﺑﮯ ﻣﯿﮟ ﻭﺍﻗﻊ ﮨﻮ، ﺗﻮ ﺍﺱ ﺻﻮﺑﮧ ﮐﯽ ﺣﮑﻮﻣﺖ ﮐﯽ ﻣﻠﮑﯿﺖ ﮨﻮﮔﯽ، ﺍﻭﺭ ﮨﺮ ﺩﻭﺳﺮﯼ ﺻﻮﺭﺕ ﻣﯿﮟ، ﻭﻓﺎﻗﯽ ﺣﮑﻮﻣﺖ ﮐﯽ ﻣﻠﮑﯿﺖ ﮨﻮﮔﯽ۔

(2) ﺗﻤﺎﻡ ﺍﺭﺍﺿﯿﺎﺕ، ﻣﻌﺪﻧﯿﺎﺕ، ﺍﻭﺭ ﺩﻭﺳﺮﯼ ﻗﯿﻤﺘﯽ ﺍﺷﯿﺎﺀ ﺟﻮ ﭘﺎﮐﺴﺘﺎﻥ ﮐﮯ ﺑﺮﺍﻋﻈﻤﯽ ﮐﻨﺎﺭﺁﺏ ﮐﮯ ﺍﻧﺪﺭ، ﯾﺎ ﭘﺎﮐﺴﺘﺎﻥ ﮐﮯ ﻋﻼﻗﺎﺋﯽ ﺳﻤﻨﺪﺭ ﮐﯽ ﺣﺪ ﭘﺮ ﺳﻤﻨﺪﺭ ﮐﮯ ﻧﯿﭽﮯ ﮨﻮﮞ، ﻭﻓﺎﻗﯽ ﺣﮑﻮﻣﺖ ﮐﯽ ﻣﻠﮑﯿﺖ ﮨﻮﮞ ﮔﯽ۔

(3) ﻣﻮﺟﻮﺩﮦ ﭘﺎﺑﻨﺪﯾﻮﮞ ﺍﻭﺭ ﻭﺍﺟﺒﺎﺕ ﮐﮯ ﻣﻄﺎﺑﻖ، ﺻﻮﺑﮯ ﮐﮯ ﺍﻧﺪﺭ ﻣﻌﺪﻧﯽ ﺗﯿﻞ ﺍﻭﺭ ﻗﺪﺭﺗﯽ ﮔﯿﺱ ﯾﺎ ﻋﻼﻗﺎﺋﯽ ﺳﻤﻨﺪﺭ ﺳﮯ ﻣﻠﺤﻖ ﮨﻮﮞ، ﻭﮦ ﺍﺱ ﺻﻮﺑﮯ ﺍﻭﺭ ﻭﻓﺎﻗﯽ ﺣﮑﻮﻣﺖ ﮐﻮ ﻣﺸﺘﺮﮐﮧ ﺍﻭﺭ ﻣﺴﺎﻭﯼ ﻃﻮﺭ ﭘﺮ ﺗﻔﻮﯾﺾ ﮐﺮﺩﺋﯿﮟ ﮔﯽ۔","مالکانہ جائیداد

(1) کوئی بھی جائیداد جس کا کوئی حقیقی مالک نہ ہو، اگر وہ کسی صوبے میں واقع ہے تو وہ اس صوبے کی حکومت کی ملکیت میں چلی جائے گی، اور ہر دوسرے حالت میں، وفاقی حکومت کی ملکیت میں چلی جائے گی۔

(2) پاکستان کے سمندری پانیوں سے باہر کے ساحلی پٹی یا سمندر کے نیچے کی تمام زمینیں، معدنیات اور دیگر قیمتی چیزیں وفاقی حکومت کی ملکیت میں چلی جائیں گی۔

2[(3) موجودہ زمہ داریوں اور پابندیوں کے تابع، صوبے یا اس کے ساتھ لگے سمندری پانیوں میں معدنی تیل اور قدرتی گیس برابر و برابر اس صوبے اور وفاقی حکومت کی ملکیت میں چلی جائے گی۔]"
"Elections by secret ballot

2[226. All elections under the Constitution, other than those of the Prime Minister and the Chief Minister, shall be by secret ballot.]",۲۲۶۔ دستور کے تحت تمام انتخابات، سوائے وزیر اعظم اور وزیر اعلیٰ کے، خفیہ رائے دہی کے ذریعے ہوں گے۔,"```مخفی رائے شماری سے انتخابات

2[226. آئین کے تحت تمام انتخابات، وزیر اعظم اور وزیر اعلیٰ کے انتخابات کے علاوہ، مخفی رائے شماری سے ہوں گے۔]```"
"Inconsistency between Federal and Provincial law

5[143. If any provision of an Act of a Provincial Assembly is repugnant to any provision of an Act of Majlis-e-Shoora (Parliament) which Majlis-e- Shoora (Parliament) is competent to enact, then the Act of Majlis-e- Shoora (Parliament), whether passed before or after the Act of the Provincial Assembly, shall prevail and the Act of the Provincial Assembly shall, to the extent of the repugnancy, be void.]",۳۴۱۔ اگر کسی صوبائی اسمبلی کے کسی ایکٹ کا کوئی حکم مجلس شوریٰ (پارلیمنٹ) کے کسی ایکٹ کے کسی حکم سے متصادم ہو جسے وضع کرنے کی مجلس شوریٰ (پارلیمنٹ) مجاز ہو تو مجلس شوریٰ (پارلیمنٹ) کا ایکٹ، خواہ وہ صوبائی اسمبلی کے ایکٹ سے پہلے منظور ہوا ہو یا بعد میں، غالب رہے گا اور صوبائی اسمبلی کا ایکٹ تناقض کی حد تک باطل ہوگا۔,```صوبائی ایوان کے کسی قانون کا کوئی دفعہ قومی اسمبلی کے کسی قانون کے کسی دفعہ کے منافی ہو جسے قومی اسمبلی بنا سکتی ہے، تو قومی اسمبلی کا قانون چاہے وہ صوبائی ایوان کے قانون سے پہلے منظور ہو یا بعد میں، غالب ہوگا اور صوبائی ایوان کا قانون مخالفت کے اس حد تک باطل ہوگا۔```
"Finance Committees

(1) The expenditure of the National Assembly and the Senate within authorised appropriations shall be controlled by the National Assembly or, as the case may be, the Senate acting on the advice of its Finance Committee.

The Finance Committee shall consist of the Speaker or, as the case may be, the Chairman, the Minister of Finance and such other members as may be elected thereto by the National Assembly or, as the case may be, the Senate.

The Finance Committee may make rules1 for regulating its procedure.","مالیاتی کمیٹی

(1) منظور شدہ مدبندی کے دائرے میں قومی اسمبلی اور سینیٹ کے خرچ پر قومی اسمبلی یا، جیسی بھی صورت ہو، سینیٹ اپنی مالیاتی کمیٹی کے مشورے پر عمل کرتے ہوئے کنٹرول کرے گی۔

(2) مالیاتی کمیٹی اسپیکر، یا جیسی بھی صورت ہو، چیئرمین، وزیر مالیات اور ایسے دیگر ارکان پر مشتمل ہوگی جنہیں اس کے لیے قومی اسمبلی یا، جیسی بھی صورت ہو، سینیٹ منتخب کرے۔

(3) مالیاتی کمیٹی اپنے طریقہ کار کے انضباط کے لیے قواعد وضع کر سکے گی۔","مالیاتی کمیٹیاں

(1) قومی اسمبلی اور سینیٹ کی اخراجات منظور شدہ تخصیصات کے اندر قومی اسمبلی یا کیسے بھی ہو، سینیٹ کے اپنی مالیاتی کمیٹی کی رائے پر عمل کرتے ہوئے کنٹرول کی جائیں گی۔

مالیاتی کمیٹی میں سپیکر یا کیسے بھی ہو، چیئرمین، مالیات کے وزیر اور ایسے دیگر اراکین شامل ہوں گے جو قومی اسمبلی یا کیسے بھی ہو، سینیٹ کے ذریعے اس کے لیے منتخب کیے جائیں گے۔

مالیاتی کمیٹی اپنی کارروائی کو ضابطہ جاری کرنے کے لیے قوانین1 بنا سکتی ہے۔"
"Acting Chief Justice

At any time when—

the office of Chief Justice of Pakistan is vacant; or

the Chief Justice of Pakistan is absent or is unable to perform the functions of his office due to any other cause,

the President shall appoint 2[the most senior of the other Judges of the Supreme Court] to act as Chief Justice of Pakistan.","قائم مقام چیف جسٹس

کسی وقت بھی جب—

الف: چیف جسٹس پاکستان کا عہدہ خالی ہو، یا

ب: چیف جسٹس پاکستان موجود نہ ہو یا کسی دیگر بناء پر اپنے کارہائے منصبی انجام دینے سے قاصر ہو،

تو صدر عدالت عظمیٰ کے دوسرے ججوں میں سے مقدم ترین جج کو قائم مقام چیف جسٹس پاکستان کی حیثیت سے مقرر کرے گا۔","```عدالت عظمیٰ پاکستان کے چیف جسٹس کا عہدہ خالی ہو؛ یا

چیف جسٹس پاکستان غیر حاضر ہوں یا اپنے عہدے کے فرائض انجام دینے سے قاصر ہوں کسی بھی دوسری وجہ سے،

صدر مملکت 2[عدالت عظمیٰ کے دیگر ججوں میں سب سے سینئر جج] کو عارضی طور پر چیف جسٹس پاکستان کے طور پر تعینات کریں گے۔```"
"Acquisition of land for Federal purposes

The Federation may, if it deems necessary to acquire any land situate in a Province for any purpose connected with a matter with respect to which 1[Majlis-e-Shoora (Parliament)] has power to make laws, require the Province to acquire the land on behalf, and at the expense, of the Federation or, if the land belongs to the Province, to transfer it to the Federation on such terms as may be agreed or, in default of agreement, as may be determined by an arbitrator appointed by the Chief Justice of Pakistan.",۲۵۱۔ اگر وفاق کسی اراضی کو جو کسی صوبے میں واقع ہو کسی ایسے مقصد کے لیے جو وفاقی اغراض کے لیے ہو، حاصل کرنا ضروری خیال کرے تو وہ اس صوبے کو حکم دے سکے گا کہ وہ اس اراضی کو وفاق کی طرف سے اور اس کے خرچ پر حاصل کرے یا، اگر اراضی صوبے کی ملکیت ہو تو اسے وفاق کے نام ایسی شرائط پر منتقل کر دے، جو طے پا جائیں یا، طے نہ پانے کی صورت میں، چیف جسٹس پاکستان کے مقرر کردہ کسی ثالث کی طرف سے طے کی جائیں۔,"```برائے وفاقی مقاصد زمین کا حصول

وفاق اگر ضروری سمجھے تو کسی بھی صوبے میں واقع کسی زمین کا حصول کر سکتا ہے جو ایسے معاملے سے متعلق ہو جس میں مجلس شوریٰ (پارلیمنٹ) قانون سازی کا اختیار رکھتی ہے۔ وفاق صوبے کو زمین کا حصول وفاق کی طرف سے اور وفاق کے اخراجات پر کرنے کا حکم دے سکتا ہے یا اگر زمین صوبے کی ملکیت ہے تو اسے وفاق کو ایسی شرائط پر منتقل کرنے کا حکم دے سکتا ہے جو طے ہوں یا اتفاق نہ ہونے کی صورت میں پاکستان کے چیف جسٹس کے ذریعے نامزد کردہ مصالحت کار کے فیصلے کے مطابق ہوں۔```"
"Right of individuals to be dealt with in accordance with law, etc.

(1) To enjoy the protection of law and to be treated in accordance with law is the inalienable right of every citizen. Wherever he may be, and of every other person for the time being within Pakistan.

In particular—

no action detrimental to the life, liberty, body, reputation or property of any person shall be taken except in accordance with law;

no person shall be prevented from or be hindered in doing that which is not prohibited by law; and

no person shall be compelled to do that which the law does not required him to do.","افراد کا حق کہ ان کے ساتھ قانون کے مطابق سلوک کیا جائے، وغیرہ۔

(1) ہر شہری کا، خواہ کہیں بھی ہو، اور ہر دوسرے شخص کا جو فی الوقت پاکستان میں ہو، یہ ناقابل انتقال حق ہے کہ اسے قانون کا تحفظ حاصل ہو اور اس کے ساتھ قانون کے مطابق سلوک کیا جائے۔

خصوصاً—

الف) کوئی ایسی کارروائی نہ کی جائے جو کسی شخص کی جان، آزادی، جسم، شہرت یا املاک کے لیے مضر ہو، سوائے جب کہ قانون اس کی اجازت دے؛

ب) کسی شخص کو کوئی ایسا کام کرنے میں ممانعت یا مزاحمت نہ ہوگی جو قانوناً منع نہ ہو؛ اور

ج) کسی شخص کو کوئی ایسا کام کرنے پر مجبور نہیں کیا جائے گا جس کا کرنا اس کے لیے قانوناً ضروری نہ ہو۔","```فرد کا حق قانون کے مطابق سلوک کیا جائے وغیرہ

(1) ہر شہری کا بلا شبہ حق ہے کہ وہ قانون کی حمایت کا لطف اٹھائے اور قانون کے مطابق سلوک کیا جائے، چاہے وہ کہیں بھی ہو، اور ہر ایک دوسرے شخص کا بھی جو وقتی طور پر پاکستان میں موجود ہو۔

خاص طور پر—

کسی بھی شخص کی زندگی، آزادی، جسمانی، شخصیت یا ملکیت کے خلاف کوئی کارروائی قانون کے مطابق نہیں کی جائے گی؛

کوئی شخص اس کام سے نہیں روکا جائے گا یا رکاوٹ نہیں ڈالی جائے گی جو قانون کے ذریعے ممنوع نہیں ہے؛ اور

کوئی شخص اس کام کو کرنے پر مجبور نہیں کیا جائے گا جسے قانون اسے کرنے کی ضرورت نہیں سمجھتا۔```"
"Decision of Court binding on High Court and courts subordinate to it

2[203GG.   Subject to Articles 203D and 203F, any decision of the Court in the exercise of its jurisdiction under this Chapter shall be binding on a High Court and on all courts subordinate to a High Court.]","اردو متن:
آرٹیکل 203۔ڈی اور 203۔ایف کے تابع، اس باب کے تحت اپنے اختیار سماعت کے استعمال میں عدالت کا فیصلہ عدالت عالیہ اور اس کی ماتحت عدالتوں کے لیے واجب التعمیل ہوگا۔
","```عدالت کا فیصلہ ہائی کورٹ اور اس کے ماتحت عدالتوں پر لازم ہوگا

2[203GG.   مضمون 203D اور 203F کے موضوع پر، عدالت کا کوئی بھی فیصلہ اس باب میں اپنے اختیار کے استعمال سے ہائی کورٹ اور ہائی کورٹ کے تمام ماتحت عدالتوں پر لازم ہوگا.]```"
"Bill not to lapse on prorogation, etc.

(1) A Bill pending in a Provincial Assembly shall not lapse by reason of the prorogation of the Assembly.

(2) A Bill pending in a Provincial Assembly shall lapse on the dissolution of the Assembly.","بل اجلاس کی برخاستگی وغیرہ

(1) کسی صوبائی اسمبلی میں زیر غور کوئی بل، اسمبلی کی برخاستگی کی بنا پر ساقط نہیں ہوگا۔

(2) کسی صوبائی اسمبلی میں زیر غور کوئی بل، اسمبلی کے تحلیل ہونے پر ساقط ہوجائے گا۔","```بل پروروگیشن پر ختم نہیں ہوگا، وغیرہ۔

(1) ایک بل جو صوبائی اسمبلی میں زیر غور ہے، اسمبلی کی پروروگیشن کی وجہ سے ختم نہیں ہوگا۔

(2) ایک بل جو صوبائی اسمبلی میں زیر غور ہے، اسمبلی کی تحلیل پر ختم ہوجائے گا۔```"
"Power of President to direct Governor to discharge certain functions as his Agent

(1) The President may direct the Governor of any Province to discharge as his Agent, either generally or in any particular matter, such functions relating to such areas in the Federation which are not included in any Province as may be specified in the direction.

(2) The provisions of Article 105 shall not apply to the discharge by the Governor of his functions under clause (1).","صدر کا گورنر کو اپنے عامل کی حیثیت سے بعض کارہائے منصبی انجام دینے کا حکم

(1) صدر کسی صوبے کے گورنر کو حکم دے سکے گا کہ وہ اس کے عامل کی حیثیت سے، یا تو بالعموم یا کسی خاص معاملے میں، وفاق کے ایسے علاقوں کی بابت جنہیں کسی صوبے میں شامل نہیں ہیں، ایسے کارہائے منصبی انجام دے جن کی حکم میں صراحت کی گئی ہو۔

(2) شق 1 کے تحت گورنر کے کارہائے منصبی کی انجام دہی پر آرٹیکل 105 کے احکام کا اطلاق نہیں ہوگا۔","```صدر کا اختیار گورنر کو حکومت کا نمائندہ بن کر چند فرائض انجام دینے کا حکم دینا

(1) صدر کسی بھی صوبے کے گورنر کو حکوم دینا چاہیے کہ وہ حکومت کا نمائندہ بن کر، یا تو عموماً یا کسی خاص معاملے میں، وہ فرائض انجام دیں جو وفاق میں ایسے علاقوں سے متعلق ہوں جو کسی صوبے میں شامل نہ ہوں، جیسا کہ حکم میں بیان کیا گیا ہو۔

(2) آرٹیکل 105 کے احکامات فریضہ (1) کے تحت گورنر کے فرائض کے انجام دہی پر لاگو نہیں ہوں گے۔```"
"Election dispute

No election to a House or a Provincial Assembly shall be called in question except by an election petition presented to such tribunal and in such manner as may be determined by Act of 1[Majlis-e-Shoora (Parliament).]",۵۲۲۔ کسی ایوان یا کسی صوبائی اسمبلی کے کسی انتخاب پر اعتراض نہیں کیا جائے گا، بجز بذریعہ درخواست انتخابی تنازعہ جو کسی ایسے ٹربیونل کے سامنے اور اس طریقے سے پیش کی جائے گی جو مجلس شوریٰ (پارلیمنٹ) کے ایکٹ کے ذریعے مقرر کیا جائے۔,"```انتخاباتی تنازعات

کسی ایوان یا صوبائی اسمبلی کے انتخاب کو سوالیہ نہیں کیا جا سکتا، سوائے اس کے کہ اس کا انتخابی درخواست نامہ مجلس شوریٰ (پارلیمنٹ) کے ایکٹ کے ذریعے مقرر کردہ ایسے عدالتی قانون کے سامنے اور ایسے طریقے سے پیش کیا جائے۔```"
"Power of Supreme Court to transfer cases

1[186A.	The Supreme Court may, if it considers it expedient to do so in the interest of justice, transfer any case, appeal or other proceedings pending before any High Court to any other High Court.]",۶۸۱۱۱۔ الف عدالت عظمیٰ، اگر وہ انصاف کے مفاد میں ایسا کرنا قرین مصلحت خیال کرے، کسی عدالت عالیہ کے سامنے زیر سماعت مقدمے، اپیل یا دیگر کارروائی کو کسی دیگر عدالت عالیہ کو منتقل کرنے کا اختیار رکھتی ہے۔,"```عدالت عظمیٰ کا اختیار مقدمات کو منتقل کرنے کا

1[186اے۔	عدالت عظمیٰ اگر اسے انصاف کے فروغ کے لیے مناسب لگے تو، کسی بھی ہائی کورٹ میں زیر التواء کسی بھی مقدمے، اپیل یا دیگر عمل کو کسی دوسری ہائی کورٹ میں منتقل کر سکتی ہے۔]```"
"Obligation of Provinces and Federation

(1) The executive authority of every Province shall be so exercised as to secure compliance with Federal laws which apply in that Province.
Without prejudice to any other provision of this Chapter, in the exercise of the executive authority of the Federation in any Province regard shall be had to the interests of that Province.

It shall be the duty of the Federation to protect every Province against external aggression and internal disturbances and to ensure that the Government of every Province is carried on in accordance with the provisions of the Constitution.","۸۴۱۔ ہر صوبے کا عاملانہ اختیار اس طرح استعمال کیا جائے گا کہ اس سے وفاقی قوانین کی تعمیل کی ضمانت ملے جو اس صوبے میں اطلاق پذیر ہوں۔ اس باب کے کسی دوسرے حکم پر اثر انداز ہوئے بغیر، کسی صوبے میں وفاق کے عاملانہ اختیار کو استعمال کرنے میں اس صوبے کے مفادات کا لحاظ رکھا جائے گا۔

وفاق کا یہ فرض ہوگا کہ ہر صوبے کو بیرونی جارحیت اور اندرونی خلفشار سے محفوظ رکھے اور اس بات کو یقینی بنائے کہ ہر صوبے کی حکومت دستور کے احکام کے مطابق چلائی جائے۔","```صوبوں اور فیڈریشن کا فرض

(1) ہر صوبے کی عملداری کا اختیار اس طرح استعمال کیا جائے گا کہ فیڈرل قوانین کی پابندی یقینی ہو جو اس صوبے میں لاگو ہوں۔
بغیر کسی دوسری ڈویژن کے اس باب میں، فیڈریشن کی عملداری کے اختیار کے استعمال میں اس صوبے کے مفادات کا خیال رکھا جائے گا۔

فیڈریشن کا فرض ہوگا کہ ہر صوبے کو بیرونی حملے اور اندرونی اضطرابات سے بچائے اور یقینی بنائے کہ ہر صوبے کی حکومت آئین کی ضوابط کے مطابق چلتی رہے۔```"
"Elections to be deemed to be held under Constitution

270B. Notwithstanding anything contained in the Constitution, the elections held under the Houses of (Parliament) and Provincial Assemblies (Elections) Order, 1977, 1[and the Conduct of General Elections Order, 2002 (Chief Executive's Order No. 7 of 2002),] to the Houses and the Provincial Assemblies shall be deemed to have been held under the Constitution and shall have effect accordingly.","۰۷۲۔ بی۔ دستور میں شامل کسی امر کے باوجود، فرمان انتخابات، ایوانہائے پارلیمنٹ و صوبائی اسمبلیاں، ۱۹۷۷ء اور عام انتخابات کے انعقاد کا فرمان ۲۰۰۲ء تحت منعقد شدہ۔ متصور
فرمان چیف ایگزیکٹو نمبر ۷ مجریہ ۲۰۰۲ء کے تحت منعقد شدہ ایوانوں اور صوبائی اسمبلیوں
کے لیے انتخابات، دستور کے تحت منعقد شدہ متصور ہوں گے اور بحسبہ موثر ہوں گے۔","```انتخابات کو دستور کے تحت منعقد سمجھا جائے گا

270ب. دستور میں شامل کسی بھی چیز کے باوجود، پارلیمنٹ اور صوبائی اسمبلیوں کے انتخابات کا حکم، 1977، 1[اور عام انتخابات کے انعقاد کا حکم، 2002 (چیف ایگزیکٹو کا حکم نمبر 7، 2002)،] کے تحت منعقد ہونے والے انتخابات دستور کے تحت منعقد ہونے کا سمجھا جائے گا اور اس کا اثر بالاتفاق ہوگا۔```"
"Council of Common Interests

(1) There shall be a Council of Common Interests, in this Chapter referred to as the Council, to be appointed by the President.

2[(2)	The Council shall consist of—

the Prime Minister who shall be the Chairman of the Council;
the Chief Ministers of the Provinces; and
three members from the Federal Government to be nominated by the Prime Minister from time to time.]

3*	*	*	*	*	*	*	*	*
(4) The Council shall be responsible to 1[Majlis-e-Shoora (Parliament) 4[and shall submit an Annual Report to both Houses of Majlis-e-Shoora (Parliament).]]","مشترکہ مفادات کی کونسل

(1) مشترکہ مفادات کی ایک کونسل ہوگی، جسے اس باب میں کونسل کہا گیا ہے، جس کا تقرر صدر کرے گا۔

(2) کونسل حسب ذیل پر مشتمل ہوگی:
- وزیر اعظم جو کہ کونسل کا چیئرمین ہوگا؛
- صوبوں کے وزرائے اعلیٰ؛ اور
- وفاقی حکومت سے تین ارکان جن کو وقتاً فوقتاً وزیر اعظم نامزد کرے گا۔

(4) کونسل مجلس شوریٰ (پارلیمنٹ) کے سامنے جواب دہ ہوگی اور مجلس شوریٰ (پارلیمنٹ) کے دونوں ایوانوں میں سالانہ رپورٹ پیش کرے گی۔","کونسل برائے مشترکہ مفادات

(1) مشترکہ مفادات کی ایک کونسل ہوگی، جسے اس باب میں کونسل کہا جائے گا، جسے صدر نامزد کریں گے۔

2[(2)	کونسل کا تشکیل یہ ہوگا—

وزیر اعظم جو کونسل کے چیئرمین ہوں گے؛
صوبوں کے وزرائے اعلیٰ؛ اور
وفاقی حکومت سے تین ارکان جنہیں وزیر اعظم وقتًا وقتًا نامزد کریں گے۔]

3*	*	*	*	*	*	*	*	*
(4) کونسل 1[مجلس شوریٰ (پارلیمنٹ) کے حوالے ہوگی اور مجلس شوریٰ (پارلیمنٹ) کے دونوں ایوانوں کو سالانہ رپورٹ پیش کرے گی۔]]"
"Inviolability of dignity of man, etc.

(1)	The dignity of man and, subject to law, the privacy of home, shall be inviolable.

(2) No person shall be subjected to torture for the purpose of extracting evidence.","اردو متن:
(1) شرف انسانی اور، قانون کے تابع، گھر کی خلوت قابلِ حرمت ہوگی۔

(2) کسی شخص کو شہادت حاصل کرنے کی غرض سے اذیت نہیں دی جائے گی۔
","```انسان کی عزت کا تحفظ، وغیرہ.

(1) انسان کی عزت اور، قانون کے تابع، گھر کی نجی زندگی کا تحفظ ہوگا.

(2) کسی شخص کو ثبوت حاصل کرنے کے لیے تشدد کا نشانہ نہیں بنایا جائے گا.```"
"Other provisions relating to Senate

The provisions of clauses (2) to (7) of Article 53, clauses (2) and
of Article 54 and Article 55 shall apply to the Senate as they apply to the National Assembly and, in their application to the Senate, shall have effect as if references therein to the National Assembly, Speaker and Deputy Speaker were references, respectively, to the Senate Chairman and Deputy Chairman 2[and as if, in the proviso to the said clause (2) of Article 54, for the words 3[one hundred and thirty] the words 4[one hundred and ten] were substituted]. 

provisions as to Members of 5[Majlis-e-Shoora (Parliament)]",آرٹیکل 53 کی شقیں 2 تا 7، آرٹیکل 54 کی شقیں 2 اور 3 اور آرٹیکل 55 کے احکام سینیٹ پر اسی طرح اطلاق پذیر ہوں گے جس طرح وہ قومی اسمبلی پر اطلاق پذیر احکام ہوتے ہیں اور، سینیٹ پر اپنے اطلاق میں، اس طرح مؤثر ہوں گے گویا کہ ان میں قومی اسمبلی، اسپیکر اور ڈپٹی اسپیکر کے حوالہ جات بالترتیب سینیٹ، چیئرمین اور ڈپٹی چیئرمین کے حوالہ جات ہوں اور گویا کہ، آرٹیکل 54 کی مذکورہ شق 2 کے فقروں میں الفاظ ایک سو تیس کی بجائے الفاظ ایک سو دس تبدیل کر دیے گئے ہوں۔,"```سینیٹ سے متعلق دیگر احکامات

آرٹیکل 53 کی دفعات (2) سے (7) تک، آرٹیکل 54 کی دفعات (2) اور آرٹیکل 55 کے احکامات قومی اسمبلی پر جیسے لاگو ہوتے ہیں، ویسے ہی سینیٹ پر بھی لاگو ہوں گے اور ان کا سینیٹ پر اطلاق اس طرح ہوگا جیسے ان احکامات میں قومی اسمبلی، اسپیکر اور ڈپٹی اسپیکر کا حوالہ سینیٹ کے چیئرمین اور ڈپٹی چیئرمین کا حوالہ ہو۔ [اور اس طرح جیسے، دفعہ (2) کے آرٹیکل 54 میں پرویزو کے الفاظ میں 3[سو تیس] کے الفاظ کی جگہ 4[سو دس] کے الفاظ کا تبادلہ کیا جائے۔]

5[مجلس شوریٰ (پارلیمنٹ)] کے ارکان سے متعلق احکامات```"
