id,answers,prediction_text_gemini
0,اسلامی کونسل کا کوئی رکن تین سال کی مدت کے لیے اپنے عہدے پر فائز رہے گا۔,تین سال۔
1,پاکستان میں یوم آغاز سے قبل قبائلی علاقے جات میں بلوچستان اور خیبر پختونخوا کے قبائلی علاقے جات، اور امب، چترال، دیر اور سوات کی سابقہ ریاستیں شامل تھیں۔,بلوچستان اور خیبر پختونخوا کے قبائلی علاقہ جات، اور امب، چترال، دیر اور سوات کی سابقہ ریاستیں۔
2,نہیں، کسی عدالت عالیہ کے جج کا اس کی رضامندی کے بغیر اور صدر کی طرف سے چیف جسٹس پاکستان اور دونوں عدالت عالیہ کے چیف جسٹسوں کے مشورے کے بعد کسی دوسری عدالت عالیہ میں تبادلہ نہیں کیا جا سکتا۔,نہیں۔ کسی جج کا تبادلہ اس کی رضامندی کے بغیر نہیں کیا جا سکتا۔
3,وفاقی حکومت یا، جیسی بھی صورت ہو، صوبائی حکومت کے پاس موجودہ قواعد و احکام میں ترمیم کرنے کا اختیار ہے۔,وفاقی حکومت یا صوبائی حکومت کے پاس، جیسا کہ صورتحال ہو۔
4,کسی رکن کو منحرف قرار دینے سے پہلے، پارٹی کے سربراہ کو مذکورہ رکن کو اس بارے میں اظہار وجوہ کا موقع فراہم کرنا چاہیے کہ کیوں نہ اس کے خلاف مذکورہ اعلان کر دیا جائے۔,پارٹی کا سربراہ رکن کو اظہارِ وجوہ کا موقع فراہم کرے گا کہ کیوں نہ اس کے خلاف منحرف ہونے کا اعلان کر دیا جائے۔
5,وفاقی حکومت کی طرف سے برقیابی بجلی کی پیداوار سے کمائے گئے اصل منافع جات اس صوبے کو ادا کر دیئے جاتے ہیں جس میں وہ برقیابی بجلی گھر واقع ہو۔,ایسے منافع جات اس صوبے کو ادا کر دیے جائیں گے جس میں وہ برقیابی بجلی گھر واقع ہے۔
6,پاکستان میں صوبائی آسامیوں کے تقرر اور شرائط ملازمت کا تعین صوبائی اسمبلی کے ایکٹ کے تحت یا اس کے ذریعے کیا جاتا ہے۔,صوبائی اسمبلی کے ایکٹ کے تحت یا اس کے ذریعے۔
7,نہیں، کسی شخص کو کسی ایسے فعل یا ترک فعل کے لیے سزا نہیں دی جا سکتی جو اس کے سرزد ہونے کے وقت قانون کے تحت قابل سزا نہ تھا۔,نہیں۔
8,نہیں، جو شخص کسی عدالت عالیہ کے مستقل جج کے عہدے پر فائز رہ چکا ہو، وہ اس کے دائرہ اختیار کے اندر کسی عدالت یا کسی ہیئت مجاز کے روبرو وکالت یا کام نہیں کرے گا۔,نہیں۔
9,کوئی ایوان، کوئی صوبائی اسمبلی، صدر یا گورنر اسلامی کونسل کو یہ سوال بھیج سکتا ہے کہ آیا کوئی مجوزہ قانون اسلامی احکام کے مطابق ہے۔,ایوان، صوبائی اسمبلی، صدر یا گورنر۔
10,قانون بننے تک صدر بذریعہ فرمان چیئرمین، ڈپٹی چیئرمین، وزیر اعظم اور سینیٹ کے ارکان کی تنخواہیں، بھتے اور مراعات متعین کر سکتا ہے۔,صدر بذریعہ فرمان۔
11,صدر کو جسمانی یا دماغی نا اہلی، دستور کی خلاف ورزی، یا فاش غلط روی کی بنیاد پر عہدے سے ہٹایا جا سکتا ہے۔,صدر کو جسمانی یا دماغی نااہلی، آئین کی خلاف ورزی، یا سنگین بدعمالی کی صورت میں عہدے سے ہٹایا جا سکتا ہے۔
12,ہر عدالت عالیہ کے اضافی بینچوں کے مقامات کا تعین گورنر کابینہ کے مشورے اور عدالت عالیہ کے چیف جسٹس کے مشورے سے کرتا ہے۔,گورنر، کابینہ کی رائے سے اور عدالتِ عالیہ کے چیف جسٹس کے مشورے سے۔
13,عدالت ایسا حکم صادر کر سکتی ہے جو وہ مناسب سمجھے، جس میں کسی حکم سزا کی تعمیل روکنا اور ملزم کو ضمانت پر یا اس کے اپنے مچلکہ پر رہا کرنا شامل ہو سکتا ہے جب تک کہ ریکارڈ کا جائزہ نہ لے لیا جائے۔,عدالت مقدمے کا ریکارڈ طلب کر کے اس کا جائزہ لے سکتی ہے اور مناسب حکم جاری کر سکتی ہے۔
14,گورنر، عدالت عالیہ کے جج، صوبائی اسمبلی کے اسپیکر اور ڈپٹی اسپیکر، اور عدالت عالیہ اور صوبائی اسمبلی سیکرٹریٹ کے افسران اور ملازمین کی تنخواہ صوبائی مجموعی فنڈ پر واجب الادا ہوتی ہے۔,گورنر، اس کے دفتر سے متعلق دیگر افراد، عدالتِ عالیہ کے جج، صوبائی اسمبلی کے اسپیکر اور ڈپٹی اسپیکر، عدالت عالیہ اور صوبائی اسمبلی سیکرٹریٹ کے افسران اور ملازمین۔
15,بل پر مجلس شوریٰ (پارلیمنٹ) کے مشترکہ اجلاس میں دوبارہ غور کیا جاتا ہے، اور اگر اسے دونوں ایوانوں کے موجود اراکین کی اکثریت رائے دہی اور رائے شماری سے دوبارہ منظور کر لیا جائے، تو اسے صدر کو پیش کیا جاتا ہے، جو دس دن کے اندر اس کی منظوری دے گا، ناکامی کی صورت میں مذکورہ منظوری دی گئی متصور ہو گی۔,صدر کے بل واپس کرنے پر مجلسِ شوریٰ (پارلیمنٹ) مشترکہ اجلاس میں اس پر دوبارہ غور کرے گی۔ اگر موجود اراکین کی اکثریت سے بل دوبارہ منظور ہو جائے (ترمیم کے ساتھ یا بغیر ترمیم) تو صدر کو دس دن میں اس کی منظوری دینی ہوگی۔ ایسا نہ کرنے کی صورت میں منظوری دی گئی تصور ہوگی۔
16,گورنر عدالت عالیہ کے چیف جسٹس کے سامنے حلف اٹھاتا ہے۔,عدالتِ عالیہ کے چیف جسٹس کے سامنے۔
17,ہنگامی حالت کے دوران پارلیمنٹ کے بنائے گئے قوانین، جنہیں بنانے کا اختیار پارلیمنٹ کو نہ ہوتا اگر ہنگامی حالت کا اعلان جاری نہ ہوا ہوتا، اعلان کے نافذ العمل نہ رہنے کے چھ ماہ بعد غیر موثر ہو جائیں گے، سوائے ان امور کے جو مذکورہ مدت کے ختم ہونے سے قبل انجام پا چکے ہوں یا انجام دہی سے نظرانداز ہو گئے ہوں۔,ہنگامی حالت کے نفاذ کے دوران پارلیمنٹ  جن قوانین کو بنانے کا اختیار عام حالات میں نہیں رکھتی، وہ ہنگامی حالت کے خاتمے کے چھ ماہ بعد از خود کالعدم ہو جائیں گے سوائے ان امور کے جن پر عملدرآمد ہو چکا ہو یا جن سے چشم پوشی برتی جا چکی ہو۔
18,وزیرِاعظم کے خلاف عدم اعتماد کا ووٹ پیش کرنے کے لیے قومی اسمبلی کی کل رکنیت کے کم از کم بیس فیصد ارکان کی ضرورت ہوتی ہے۔,قومی اسمبلی کی کل رکنیت کے کم از کم بیس فیصد ارکان کی۔
19,وفاقی حکومت کو کسی صوبے میں پن بجلی کے پاور اسٹیشن تعمیر کرنے کا فیصلہ کرنے سے پہلے متعلقہ صوبائی حکومت سے مشاورت کرنی چاہیے۔,متعلقہ صوبائی حکومت سے مشاورت کرے گی۔
20,پاکستان کے چیف جسٹس صدر کو حلف دلواتے ہیں۔,پاکستان کا چیف جسٹس۔
21,نہیں، کوئی پاکستانی شہری وفاقی حکومت کی منظوری کے بغیر کسی بیرونی ریاست سے کوئی خطاب، اعزاز یا اعزازی نشان قبول نہیں کر سکتا۔,نہیں۔
22,جی ہاں، انگریزی زبان اس وقت تک سرکاری اغراض کے لیے استعمال کی جا سکتی ہے، جب تک کہ اسے اردو سے تبدیل کرنے کے انتظامات نہ ہو جائیں۔,جی، اس وقت تک جب تک اسے اردو سے تبدیل کرنے کے انتظامات نہ ہو جائیں۔
23,الیکشن کمیشن کے ارکان کا تقرر صدر کرتا ہے۔,صدرِ مملکت۔
24,نہیں، کسی شخص کو کوئی ایسا خاص محصول ادا کرنے پر مجبور نہیں کیا جا سکتا جس کی آمدنی اس کے اپنے مذہب کے علاوہ کسی اور مذہب کی تبلیغ و ترویج پر صرف کی جائے۔,نہیں۔
25,جی ہاں، اگر کوئی صوبائی حکومت اپنے صوبے سے باہر تجارت یا کاروبار کرتی ہے، تو اس پر مجلس شوریٰ (پارلیمنٹ) کے ایکٹ یا جس صوبے میں وہ تجارت یا کاروبار کیا جاتا ہو، اس صوبے کی صوبائی اسمبلی کے ایکٹ کے تحت محصول عائد کیا جا سکتا ہے۔,جی، اگر صوبائی حکومت اپنے صوبے سے باہر کاروبار کرے تو اس پر ٹیکس لگایا جا سکتا ہے۔
26,گورنر، وزیراعلیٰ کو اپنے عہدے پر برقرار رہنے کے لیے کہہ سکتا ہے تاوقتیکہ اس کا جانشین وزیراعلیٰ کے عہدے پر فائز نہ ہو جائے۔,گورنر۔
27,جی ہاں، صوبائی حکومت یا مقامی ہیئت مجاز تقرر سے قبل کسی بھی آسامی یا ملازمت کی قسم کے لیے زیادہ سے زیادہ تین سال تک سکونت کی شرائط عائد کر سکتی ہے۔,جی ہاں، زیادہ سے زیادہ تین سال تک کی سکونت کی شرط عائد کر سکتی ہے۔
28,جی ہاں، قومی اسمبلی کی رکنیت کے لئے اہلیت اور نااہلیت کے قواعد صوبائی اسمبلی پر بھی لاگو ہوتے ہیں۔,جی ہاں۔
29,عدالت عظمیٰ کا جج پینسٹھ سال کی عمر کو پہنچنے تک خدمت کر سکتا ہے۔,پینسٹھ سال کی عمر تک۔
30,قومی مالیاتی کمیشن کا ایک فرض صدر کو وفاق اور صوبوں کے مابین بعض محصولات کی خالص آمدنی کی تقسیم کے بارے میں سفارشات پیش کرنا ہے۔,وفاق اور صوبوں کے مابین خالص محصولات کی تقسیم کے بارے میں صدر کو سفارشات پیش کرنا۔
31,یوم آغاز سے قبل صوبائی اغراض کے لیے استعمال ہونے والی جائیداد اور اثاثے اس دن سے صوبے کی حکومت کے تصرف میں آ جائیں گے۔,یوم آغاز کے بعد بھی وہ  صوبائی حکومت کے تصرف میں رہیں گے۔
32,ایوان کی کارروائی اس بناء پر ناجائز نہیں ہوگی کہ کچھ اشخاص جو ایسا کرنے کا حق نہیں رکھتے تھے، کارروائی کے دوران بیٹھے، ووٹ دیئے یا کسی اور صورت میں حصہ لیتے رہے۔,ایوان کی کارروائی اس بناء پر ناجائز نہیں ہوگی۔
33,جی ہاں، ہر مذہبی گروہ اور فرقے کو قانون، امن عامہ اور اخلاق کے تابع اپنے مذہبی ادارے قائم کرنے، برقرار رکھنے اور ان کا انتظام کرنے کا حق ہے۔,جی، ہر مذہبی گروہ اور اس کے ہر فرقے کو اپنے مذہبی ادارے قائم کرنے، برقرار رکھنے اور ان کا انتظام کرنے کا حق ہے۔
34,مجلس شوریٰ (پارلیمنٹ) کو وفاقی قانون سازی کی فہرست میں شامل کسی امر کے بارے میں قوانین بنانے کا بلا شرکت غیرے اختیار ہوگا۔,مجلسِ شوریٰ (پارلیمنٹ) کے پاس بلا شرکتِ غیرہ۔
35,سینیٹ 96 ارکان پر مشتمل ہے۔,۹۶ ارکان ہیں۔
36,نہیں، کوئی شخص جو کسی مجاز عدالت کی طرف سے فاتر العقل قرار دیا گیا ہو، پارلیمنٹ کا رکن منتخب ہونے یا چنے جانے کے لیے نااہل ہوتا ہے۔,نہیں۔
37,سپریم کورٹ میں اپیل کی جا سکتی ہے اگر ہائی کورٹ نے اپیل پر کسی ملزم کے بری ہونے کے حکم کو بدل دیا ہو اور اسے سزائے موت یا عمر قید یا عمر قید کی سزا دے دی ہو، یا نگرانی کی درخواست پر کسی سزا کو بڑھا کر مذکورہ بالا سزا دے دی ہو۔,اگر ہائی کورٹ نے اپیل پر کسی ملزم کے بری ہونے کے حکم کو بدل دیا ہو اور اسے سزائے موت یا عمر قید  کی سزا دے دی ہو، یا نگرانی کی درخواست پر کسی سزا کو بڑھا کر سزائے موت یا عمر قید کر دیا ہو۔
38,شخص کو سپریم کورٹ کا جج، اعلیٰ سول افسر، یا ٹیکنوکریٹ ہونا چاہیے اور اس کی عمر اڑسٹھ سال سے زیادہ نہیں ہونی چاہیے۔,"چیف الیکشن کمشنر کے تقرر کے لیے مندرجہ ذیل شرائط ہیں:

*   وہ سپریم کورٹ کا جج رہا ہو۔
*   یا وہ اعلیٰ سول افسر رہا ہو (وفاقی یا صوبائی حکومت کے تحت کم از کم بیس سال ملازمت اور بی پی ایس-۲۲ یا بالاتر میں ریٹائرمنٹ)۔
*   یا وہ ٹیکنوکریٹ ہو (سولہ سالہ تعلیم کی تکمیل کی سند اور کم از کم بیس سال کا قومی یا بین الاقوامی سطح پر تجربہ)۔
*   اس کی عمر اڑسٹھ سال سے زیادہ نہ ہو۔"
39,صوبائی حکومت کو کارہائے منصبی کی صوبائی اسمبلی سے ساٹھ دنوں میں توثیق کرانی چاہیے۔,صوبائی اسمبلی سے ساٹھ دنوں میں اس کی توثیق کروانی چاہیے۔
40,بیان کی گئی شرط یہ ہے کہ ریاست جموں و کشمیر کے عوام کو پاکستان میں شامل ہونے کا فیصلہ کرنا ہوگا۔,ریاست جموں و کشمیر کے عوام کا پاکستان میں شامل ہونے کا فیصلہ۔
41,وفاق کا عاملانہ اختیار کسی صوبے کے اندرونی امور پر حاوی نہیں ہو سکتا اگر صوبائی اسمبلی کو بھی ان امور پر قوانین وضع کرنے کا اختیار ہو، ماسواۓ جیسا کہ دستور میں یا پارلیمنٹ کے وضع کردہ کسی قانون میں بالصرات موجود ہو۔,جی نہیں، عام طور پر نہیں۔  صرف اسی صورت میں جب آئین یا پارلیمنٹ کے بنائے ہوئے کسی قانون میں واضح طور پر ایسا اختیار دیا گیا ہو۔  ورنہ، اگر صوبائی اسمبلی کو بھی اس معاملے میں قانون سازی کا اختیار حاصل ہے تو وفاق کا اختیار حاوی نہیں ہوگا۔
42,نہیں، یہ احکام غیر مسلم شہریوں کے قوانین شخصی یا ان کی بطور شہری حیثیت پر اثر انداز نہیں ہوتے۔,نہیں۔
43,کوئی بھی عدالتی فیصلے جو پارلیمنٹ کو مخصوص آمدنی پر ٹیکس عائد کرنے کی اجازت دینے والی دفعات کے خلاف ہوں، کالعدم اور بے اثر تصور کیے جائیں گے۔,ایسے تمام فیصلے کالعدم اور بے اثر ہوں گے اور ہمیشہ سے کالعدم اور بے اثر سمجھے جائیں گے۔
44,انتظامی اخراجات میں عدالت عظمیٰ، عدالت عالیہ اسلام آباد، محاسب اعلیٰ کے محکمہ، چیف الیکشن کمشنر اور انتخابی کمیشن کے دفتر اور سینٹ اور قومی اسمبلی کے دفاتر کے افسران اور عملہ کو واجب الادا مشاہرہ شامل ہیں۔,عدالت عظمیٰ، عدالت عالیہ اسلام آباد، محاسب اعلیٰ کے محکمہ اور چیف الیکشن کمشنر اور انتخابی کمیشن کے دفتر اور سینٹ اور قومی اسمبلی کے دفاتر کے انتظامی مصارف بشمول افسران اور عملہ کو واجب الادا مشاہرہ۔
45,زرعی آمدنی سے مراد وہ زرعی آمدنی ہے جس کی تعریف محصول آمدنی سے متعلق قانون کی اغراض کے لیے کی گئی ہے۔,وہ زرعی آمدنی جس کی تعریف محصول آمدنی سے متعلق قانون کی اغراض کے لیے کی گئی ہے۔
46,پاکستان کی ایک عدالت عظمیٰ، ہر صوبے کے لیے ایک عدالت عالیہ، دارالحکومت اسلام آباد کے لیے ایک عدالت عالیہ، اور ایسی دوسری عدالتیں ہوں گی جو قانون کے ذریعے قائم کی جائیں گی۔,پاکستان کی ایک عدالتِ عظمیٰ، ہر صوبے کے لیے ایک عدالتِ عالیہ، اور دارالحکومت اسلام آباد کے لیے ایک عدالت عالیہ، اور ایسی دوسری عدالتیں جو قانون کے ذریعے قائم کی جائیں گی۔
47,کونسل کی ہدایات یا احکام اس طرح قابل نفاذ ہوں گے گویا کہ وہ عدالت عظمیٰ کی جانب سے جاری ہوئے ہوں۔,جیسے عدالتِ عظمیٰ کے جاری کردہ ہدایات یا احکام نافذ کیے جاتے ہیں۔
48,جی ہاں، اس آرٹیکل کے احکامات کا اطلاق ان افراد کے مقدمات پر نہیں ہوگا جو کسی ایکٹ کے تحت مقدمہ چلانے کا دعویٰ کرتے ہیں، یا جو کسی دہشت گرد جماعت یا تنظیم سے وابستہ ہونے کا دعویٰ کرتے ہیں یا اس سے شناخت ہوتے ہیں جو مذہب یا فرقے کے نام کا غلط استعمال کر رہی ہو۔,جی ہاں، اس آرٹیکل کے احکامات کا اطلاق ان افراد کے مقدمات پر نہیں ہوگا جو حصہ اول کے ذیلی حصہ سوم کے نمبر شمار 6 اور 7 میں مذکور کسی ایکٹ کے تحت مقدمہ چلانے کا دعویٰ کرتے ہیں، یا جو کسی دہشت گرد جماعت یا تنظیم سے وابستہ ہونے کا دعویٰ کرتے ہیں یا اس سے شناخت ہوتے ہیں جو مذہب یا فرقے کے نام کا غلط استعمال کر رہی ہو۔
49,آرٹیکل میں کہا گیا ہے کہ وفاقی حکومت کی طرف سے یا اس کی طرف سے وصول شدہ رقوم کی تحویل، ان کی ادائیگی اور بازخواست، اور تمام متعلقہ امور مجلس شوریٰ (پارلیمنٹ) کے ایکٹ کے ذریعے یا اس بارے میں احکام وضع ہونے تک صدر کے وضع کردہ قواعد کے بموجب منضبط ہوں گے۔,وفاقی حکومت کی طرف سے یا اس کی طرف سے وصول شدہ دیگر رقوم کی تحویل، وفاق کے سرکاری حساب میں ان کی ادائیگی اور بازخواست،  مجلسِ شوریٰ کے ایکٹ، یا ایسے ایکٹ کے نہ ہونے کی صورت میں صدرِ مملکت کے وضع کردہ قواعد کے تحت ہوگی۔
50,وفاقی قانون سازی کی فہرست سے متعلق بل کی ابتدا کسی بھی ایوان میں ہو سکتی ہے۔,کسی بھی ایوان میں۔
51,ریاست پاکستان کے تمام علاقوں کے لوگوں کو پاکستان کی مسلح افواج میں شرکت کے قابل بناتی ہے۔,آئینِ پاکستان کے آرٹیکل ۹۳ کے مطابق، ریاست تمام علاقوں کے لوگوں کو مسلح افواج میں شمولیت کا موقع فراہم کرے گی۔
52,وفاقی اور صوبائی حکومتوں کے حسابات کا محاسبہ محاسب اعلیٰ کرتا ہے۔,محاسب اعلیٰ۔
53,چیف جسٹس پاکستان عدالت عظمیٰ کے ججوں کا کورم پورا نہ ہونے کی وجہ سے یا کسی دوسری وجہ سے ججوں کی تعداد میں عارضی طور پر اضافہ کرنے کی ضرورت کے تحت، صدر کی منظوری اور جوڈیشل کمیشن کی مشاورت سے جیسا کہ آرٹیکل 175 الف کی شق 2 میں فراہم کیا گیا ہے، ایک عارضی جج مقرر کر سکتے ہیں۔,جب عدالتِ عظمیٰ کے ججوں کا کورم پورا نہ ہو یا عدالت کا اجلاس منعقد کرنا یا جاری رکھنا ممکن نہ رہے، یا کسی اور وجہ سے عدالتِ عظمیٰ کے ججوں کی تعداد میں عارضی اضافہ ضروری ہو۔
54,اگر وفاقی حکومت یا کوئی صوبائی حکومت کونسل کے کسی فیصلے سے غیر مطمئن ہو، تو وہ اس معاملے کو مجلس شوریٰ (پارلیمنٹ) کی مشترکہ نشست میں بھیج سکے گی جس کا فیصلہ اس بارے میں حتمی ہوگا۔,وہ اس معاملے کو مجلسِ شوریٰ (پارلیمنٹ) کی مشترکہ نشست میں بھیج سکے گی جس کا فیصلہ اس بارے میں حتمی ہوگا۔
55,وفاقی شرعی عدالت کا صدر مقام اسلام آباد میں واقع ہے۔,اسلام آباد میں۔
56,قومی اسمبلی میں زیر غور کوئی بل یا کوئی بل جو قومی اسمبلی سے منظور ہو جانے پر سینیٹ میں زیر غور ہو، قومی اسمبلی کے ٹوٹنے پر ساقط ہو جائے گا۔,ساقط ہو جائے گا۔
57,کسی ایوان یا صوبائی اسمبلی کو سوال اسلامی کونسل کو بھیجنا ضروری ہے اگر اس کی کل رکنیت کا دو پانچواں حصہ یہ مطالبہ کرے۔,اگر کسی ایوان یا کسی صوبائی اسمبلی کی کل رکنیت کا دو پانچواں حصہ مطالبہ کرے۔
58,نہیں، عدالت عظمیٰ یا کسی عدالت عالیہ کے جج کو اس آرٹیکل میں قرار دی گئی شرائط کے بغیر، جن میں اعلیٰ عدالتی کونسل کی تحقیقات شامل ہیں، عہدے سے برطرف نہیں کیا جا سکتا۔,نہیں، آرٹیکل کے مطابق، عدالت عظمیٰ یا کسی عدالت عالیہ کے کسی جج کو بجز جس طرح اس آرٹیکل میں قرار دیا گیا ہے، عہدے سے برطرف نہیں کیا جا سکتا، اور اس آرٹیکل میں برطرفی کا طریقہ کار اعلیٰ عدالتی کونسل کی تحقیقات اور سفارش کے بعد صدر کی جانب سے برطرفی ہے۔
59,جی ہاں، عدالت کو ہر لحاظ سے ایسی کارروائی کا اہتمام کرنے اور اپنے طریقہ کار کو منضبط کرنے کا اختیار ہوگا جیسا کہ وہ مناسب خیال کرے۔,جی، عدالت کو اپنے طریقہ کار کو منضبط کرنے کا اختیار ہے۔
60,دستور کے تحت پہلی صوبائی اسمبلی کے اراکین وہ ہیں جو یوم آغاز سے عین قبل موجود اس صوبے کی اسمبلی کے اراکین ہیں، اور وہ زائد اراکین جو آرٹیکل ۱۰۶ کی شق ۳ میں محولہ نشستوں کو پر کرنے کے لیے اراکین کی طرف سے قانون کے مطابق منتخب کیے جائیں گے۔,دستور کے تحت پہلی صوبائی اسمبلی کے اراکین یومِ آغاز سے عین قبل موجودہ صوبائی اسمبلی کے اراکین اور آرٹیکل ۱۰۶ کی شق ۳ میں مذکور نشستوں کو پُر کرنے کے لیے منتخب کیے گئے زائد اراکین پر مشتمل ہوگی۔
61,سپریم کورٹ اور ہائی کورٹ کے ججوں کی تنخواہ اور ملازمت کی شرائط کی تفصیلات جدول پنجم میں مل سکتی ہیں۔,جدول پنجم میں۔
62,'قانون' میں کوئی رسم یا رواج شامل ہے جو قانون کا اثر رکھتا ہو مگر اس میں دستور، مسلم شخصی قانون، کسی عدالت یا ٹریبونل کے ضابطہ کار سے متعلق کوئی قانون یا، اس باب کے آغاز نفاذ سے دس سال کی مدت گزرنے تک، کوئی مالی قانون یا محصولات یا فیسوں کے عائد کرنے اور جمع کرنے یا بنکاری یا بیمہ کے عمل اور طریقہ سے متعلق کوئی قانون شامل نہیں ہے۔,کسی رسم یا رواج جو قانون کا اثر رکھتا ہو مگر اس میں دستور، مسلم شخصی قانون، کسی عدالت یا ٹریبونل کے ضابطہ کار سے متعلق کوئی قانون یا، اس باب کے آغاز نفاذ سے دس سال کی مدت گزرنے تک، کوئی مالی قانون یا محصولات یا فیسوں کے عائد کرنے اور جمع کرنے یا بنکاری یا بیمہ کے عمل اور طریقہ سے متعلق کوئی قانون شامل نہیں ہے۔
63,الیکشن کمیشن حلقوں کی حدبندی بشمول مقامی حکومتوں کے انتخابی حلقوں کی حدبندی کا ذمہ دار ہے۔,مجلسِ شوریٰ (پارلیمنٹ) قانون کے ذریعے حلقوں کی حدبندی کا تعین کرتی ہے۔
64,یہ قرار دیتا ہے کہ آرٹیکل ۱۵۲اے کو حذف کر دیا گیا اور آرٹیکل ۱۷۹ اور ۱۹۵ کو تبدیل کر دیا گیا، اور یہ تبدیلی ہمیشہ سے نافذ العمل سمجھی جائے گی۔,یہ قرار دیتا ہے کہ آرٹیکل ۱۵۲ اے کو حذف اور آرٹیکل ۱۷۹ اور ۱۹۵ کو تبدیل کر دیا گیا ہے اور یہ کہ ان کی تنسیخ کے باوجود، وہ ہمیشہ اسی طرح حذف شدہ اور تبدیل شدہ متصور ہوں گے۔
65,جی ہاں، صدر وزیر اعظم سے اپنے عہدے پر برقرار رہنے کے لیے کہہ سکتا ہے جب تک کہ اس کا جانشین وزیر اعظم کے عہدے پر فائز نہ ہو جائے۔,نہیں۔
66,مجلس شوریٰ (پارلیمنٹ) کو وفاقی یا صوبائی قانون کے تحت قائم شدہ کارپوریشنز اور دیگر اداروں کی آمدنی پر محصول عائد کرنے کا اختیار ہے۔,مجلسِ شوریٰ (پارلیمنٹ) کے پاس۔
67,نہیں، کسی ایسے معاملے کے بارے میں جو کونسل کے سامنے زیر بحث ہوا رہا ہو معاملہ کے کسی فریق کی تحریک پر یا کسی ایسے معاملے کے بارے میں، جو اس آرٹیکل کے تحت کونسل کے سامنے شکایت کا مناسب موضوع فی الواقع ہو، یا رہا ہو سکتا ہو یا ہونا چاہیے، کسی بھی شخص کی تحریک پر، کسی عدالت کے سامنے کوئی کارروائی نہیں کی جائے گی۔,نہیں، کسی ایسے معاملے کے بارے میں جو کونسل کے سامنے زیر بحث ہو یا ہو سکتا ہو، کسی عدالت کے سامنے کوئی کارروائی نہیں کی جا سکتی۔
68,نہیں، ایسا بل صدر کی ماقبل منظوری کے بغیر قومی اسمبلی میں پیش نہیں کیا جا سکتا۔,نہیں۔
69,جی ہاں، یوم آغاز سے چھ ماہ کی مدت کے لیے، کوئی وفاقی وزیر یا وزیر مملکت یا کسی صوبے کا وزیر اعلیٰ یا صوبائی وزیر ایسا شخص ہو سکتا ہے جو پارلیمنٹ یا اس صوبے کی صوبائی اسمبلی کا رکن نہ ہو۔,جی ہاں، نیا دستور شروع ہونے کے بعد چھ ماہ کی مدت کے لیے کوئی ایسا شخص جو پارلیمنٹ یا صوبائی اسمبلی کا رکن نہ ہو، وفاقی وزیر، وزیر مملکت، یا کسی صوبے کا وزیر اعلیٰ یا صوبائی وزیر ہو سکتا ہے۔
70,پاکستان میں قومی اسمبلی کے رکن منتخب ہونے کے لیے کم از کم عمر پچیس سال ہے۔,پچیس سال۔
71,عدالت عظمیٰ اور عدالت عالیہ کو توہین عدالت کی سزا دینے کا اختیار ہے۔,عدالتِ عظمیٰ اور عدالتِ عالیہ کو توہینِ عدالت کی سزا دینے کا اختیار ہے۔
72,چیف جسٹس عدالت عظمیٰ کے دوسرے ججوں کو حلف دلواتا ہے۔,چیف جسٹس۔
73,اسلامی جمہوریہ پاکستان کا عبوری دستور، مع ان ایکٹوں اور صدر کے فرامین کے، منسوخ کیا گیا ہے۔,اسلامی جمہوریہ پاکستان کا عبوری دستور، مع ان ایکٹوں اور صدر کے فرامین کے جن کے ذریعے اس دستور میں محذوفات، اضافے، ردوبدل یا ترامیم کی گئیں۔
74,صدر پاکستان کے اٹارنی جنرل کو مقرر کرتا ہے۔,صدرِ پاکستان۔
75,جی ہاں، حکومت کسی بھی تجارت یا پیشے کو اجرت نامہ کے طریقہ کار کے ذریعے منضبط کر سکتی ہے، آزادانہ مقابلہ کے مفاد کے پیش نظر تجارت، کاروبار یا صنعت کو منضبط کر سکتی ہے، اور دیگر اشخاص کو قطعی یا جزوی طور پر خارج کر کے کسی تجارت، کاروبار، صنعت یا خدمت کا انتظام کر سکتی ہے۔,جی ہاں،  آئین میں کچھ پابندیاں ہیں۔  اگرچہ ہر شہری کو کاروبار یا تجارت کرنے کا حق ہے،  لیکن حکومت  مزدوروں کے تحفظ،  مقابلوں کو منصفانہ رکھنے، یا عوامی مفاد میں کچھ کاروبار خود چلانے کے لیے قوانین بنا سکتی ہے۔
76,ﺻﻮﺑﺎﺋﯽ ﺍﺳﻤﺒﻠﯽ ﺍﭘﻨﮯ ﭘﮩﻠﮯ ﺍﺟﻼﺱ ﮐﯽ ﺗﺎﺭﯾﺦ ﺳﮯ ﭘﺎﻧﭻ ﺳﺎﻝ ﮐﯽ ﻣﯿﻌﺎﺩ ﺗﮏ ﺑﺮﻗﺮﺍﺭ ﺭﮨﺘﯽ ﮨﮯ ﺍﻭﺭ ﺍﭘﻨﯽ ﻣﯿﻌﺎﺩ ﮐﮯ ﺍﺧﺘﺘﺎﻡ ﭘﺮ ﺗﻮﭦ ﺟﺎﺗﯽ ﮨﮯ۔,اپنے پہلے اجلاس کی تاریخ سے پانچ سال کی میعاد تک برقرار رہتی ہے اور اپنی میعاد کے اختتام پر ٹوٹ جاتی ہے۔
77,وہ اعمال جو توہین عدالت سمجھے جا سکتے ہیں ان میں عدالت کی قانونی کارروائی کی مذمت کرنا، اس میں مداخلت یا مزاحمت کرنا، عدالت کے کسی حکم کی نافرمانی کرنا، عدالت یا جج کو بدنام کرنا، کوئی ایسا فعل کرنا جو عدالت یا جج کے بارے میں نفرت، تضحیک یا توہین کا باعث ہو، عدالت کے سامنے زیر سماعت معاملے کے فیصلے پر مضر اثر ڈالنا، یا کوئی اور ایسا فعل کرنا جو قانون کے تحت توہین عدالت کا موجب ہو۔,عدالت کی قانونی کارروائی کی مذمت، مداخلت، مزاحمت یا عدالتی حکم کی نافرمانی؛ عدالت کو بدنام کرنا یا ایسے افعال کرنا جو عدالت یا جج کے بارے میں نفرت، تضحیک یا توہین کا باعث بنیں؛ ایسے افعال کرنا جو زیر سماعت معاملے کے فیصلے پر مضر اثر ڈالیں؛ یا کوئی بھی دوسرا فعل جو قانون کے مطابق توہین عدالت تصور ہو۔
78,ایسے قانونی مقدمات وفاق کی طرف سے یا اس کے خلاف کیے جائیں گے، اور اگر یوم آغاز سے عین قبل کوئی مذکورہ قانونی کارروائی کسی عدالت میں تصفیہ طلب تھی تو اس صورت میں اس کارروائی میں اس دن سے صوبے کی بجائے وفاق کا تبدیل کیا جانا متصور ہوگا۔,ایسی قانونی کارروائی وفاق کی طرف سے یا اس کے خلاف کی جائے گی اور اگر یہ مقدمہ یومِ آغاز سے قبل کسی عدالت میں زیرِ سماعت تھا تو اس صوبے کی بجائے وفاق کو اس مقدمے میں فریق بنایا جائے گا۔
79,نہیں، اس آرٹیکل کی رو سے ایڈووکیٹ جنرل ووٹ دینے کا مستحق نہیں ہے۔,نہیں۔
80,نہیں، کسی ملزم کو اپنے خلاف گواہ بننے پر مجبور نہیں کیا جا سکتا۔,نہیں۔
81,جی ہاں، مجلس شوریٰ (پارلیمنٹ) بذریعہ قانون وفاق میں نئی ریاستوں یا علاقوں کو ایسی قیود و شرائط پر داخل کر سکے گی جو وہ مناسب سمجھے۔,جی ہاں، مجلسِ شوریٰ (پارلیمنٹ) بذریعہ قانون ایسی قیود و شرائط پر نئی ریاستوں یا علاقوں کو وفاق میں شامل کر سکتی ہے جو وہ مناسب سمجھے۔
82,ہر سال قومی اسمبلی کے سامنے بجٹ پیش کرنے کی ذمہ داری وفاقی حکومت کی ہے۔,وفاقی حکومت کی۔
83,اگر قومی اسمبلی کی مجموعی رکنیت کی اکثریت سے عدم اعتماد کا ووٹ منظور ہو جائے، تو وزیرِاعظم عہدے پر فائز نہیں رہے گا۔,وزیرِاعظم عہدے پر فائز نہیں رہیں گے۔
84,صدر بل کی منظوری دے سکتا ہے یا، کسی ایسے بل کی صورت میں جو مالی بل نہ ہو، اسے مجلس شوریٰ (پارلیمنٹ) میں ایک پیغام کے ساتھ واپس بھیج سکتا ہے کہ بل پر دوبارہ غور کیا جائے اور ممکنہ ترامیم پر غور کیا جائے۔,صدر کے پاس دو اختیارات ہوتے ہیں: یا تو وہ بل کی منظوری دے دے، یا پھر (اگر وہ مالی بل نہ ہو تو) اسے ایک پیغام کے ساتھ پارلیمنٹ کو واپس بھیج دے کہ اس پر دوبارہ غور کیا جائے۔
85,وفاقی حکومت پاکستان کی علاقائی سمندری حدود سے باہر براعظمی کنارے یا سمندر کے نیچے تمام اراضیات، معدنیات اور دیگر قیمتی اشیاء کی مالک ہے۔,وفاقی حکومت۔
86,پارلیمانی کمیٹی سینٹ کے چار اراکین پر مشتمل ہوتی ہے۔,چار
87,صدر کے پاس وفاقی قانون کے احکام کے مطابق شجاعت، مسلح افواج میں قابل تعریف خدمت، تعلیمی امتیاز، یا کھیلوں یا نرسنگ کے میدان میں امتیاز کے اعتراف کے طور پر اعزازی نشانات دینے کا اختیار ہے۔,صدرِ مملکت کے پاس۔
88,وزیر اعظم اور وزیر اعلیٰ کے علاوہ دیگر عہدوں کے انتخابات خفیہ رائے دہی کے ذریعے منعقد کیے جاتے ہیں۔,خفیہ رائے دہی کے ذریعے۔
89,اگر پاکستان میں کسی صوبائی قانون کا وفاقی قانون سے تصادم ہو جائے تو وفاقی قانون غالب رہے گا اور صوبائی قانون تناقض کی حد تک باطل ہوگا۔,وفاقی قانون غالب رہے گا اور صوبائی قانون تناقض کی حد تک باطل ہوگا۔
90,جی ہاں، وزیر اعلیٰ گورنر کے نام اپنی دستخطی تحریر کے ذریعے اپنے عہدے سے استعفیٰ دے سکتا ہے۔,جی ہاں، وزیر اعلیٰ گورنر کے نام اپنی دستخطی تحریر کے ذریعے اپنے عہدے سے استعفیٰ دے سکتا ہے۔
91,قومی اسمبلی اور سینیٹ کے خرچ پر قومی اسمبلی یا سینیٹ اپنی مالیاتی کمیٹی کے مشورے پر عمل کرتے ہوئے کنٹرول کرتی ہے۔,قومی اسمبلی یا سینیٹ اپنی مالیاتی کمیٹی کے مشورے پر۔
92,صدر عدالت عظمیٰ کے دوسرے ججوں میں سے مقدم ترین جج کو قائم مقام چیف جسٹس پاکستان کی حیثیت سے مقرر کرے گا۔,صدرِ مملکت عدالتِ عظمیٰ کے دوسرے ججوں میں سے سینئر ترین جج کو قائم مقام چیف جسٹس پاکستان مقرر کریں گے۔
93,صدر صوبائی حکومت کے فرائض اس وقت سنبھال سکتا ہے جب اسے صوبے کے گورنر کی طرف سے رپورٹ موصول ہو اور وہ مطمئن ہو کہ صوبائی حکومت دستور کے احکام کے مطابق نہیں چلائی جا سکتی۔,اگر صدر کو صوبے کے گورنر کی رپورٹ سے یا پارلیمنٹ کے دونوں ایوانوں کی قرارداد سے یہ اطمینان ہو جائے کہ صوبے میں آئین کے مطابق حکومت نہیں چلائی جا سکتی تو وہ خود یا گورنر کے ذریعے صوبائی حکومت کے کچھ یا تمام فرائض سنبھال سکتا ہے۔
94,نہیں، اسلامی تعلیمات سے متعلق نااہلیاں غیر مسلموں پر لاگو نہیں ہوتیں، لیکن ایسا شخص اچھی اخلاقی شہرت کا حامل ہونا چاہیے۔,نہیں۔
95,جی ہاں، وفاق کسی بھی مقصد کے لیے جو پارلیمنٹ کے قانون سازی کے دائرہ کار میں آتا ہو، کسی صوبے میں اراضی حاصل کر سکتا ہے۔,جی ہاں، وفاق اپنے وفاقی اغراض کے لیے کسی صوبے میں اراضی حاصل کر سکتا ہے۔
96,نہیں، کسی شخص کو ایسا کام کرنے پر مجبور نہیں کیا جا سکتا جو قانوناً ضروری نہ ہو۔,نہیں۔
97,نہیں، کسی ایسے شخص کی درخواست پر یا اس کے بارے میں حکم صادر نہیں کیا جائے گا جو مسلح افواج پاکستان کا رکن ہو، اس کی شرائط ملازمت کی نسبت، اس کی ملازمت سے پیدا ہونے والے کسی معاملے کی نسبت، یا مسلح افواج پاکستان کے ایک رکن کے طور پر اس کے بارے میں کی گئی کسی کارروائی کی نسبت۔,نہیں۔
98,جی ہاں، اس باب کے تحت عدالت کے فیصلے عدالت عالیہ اور اس کی ماتحت عدالتوں پر واجب التعمیل ہوتے ہیں۔,جی، آرٹیکل 203 ڈی اور 203 ایف کے تابع، اس باب کے تحت عدالت کے فیصلے ماتحت عدالتوں پر واجب التعمیل ہیں۔
99,عدالت عظمیٰ میں شریعت مرافعہ بینچ تین مسلمان ججوں اور صدر کی طرف سے مقرر کردہ زیادہ سے زیادہ دو علماء پر مشتمل ہو سکتا ہے۔,عدالتِ عظمیٰ کے تین مسلم جج اور وفاقی شرعی عدالت کے ججوں میں سے یا علماء کی ایسی فہرست میں سے جسے صدر چیف جسٹس کے مشورے سے مرتب کرے گا زیادہ سے زیادہ دو علماء جنہیں صدر بینچ کے اجلاس میں شرکت کرنے کے لیے بطورِ ارکان بغرضِ خاص مقرر کرے گا۔
100,گورنر کو کابینہ یا وزیر اعلیٰ کے مشورے پر عمل کرنا ہوتا ہے۔,کابینہ یا وزیرِ اعلیٰ کے مشورے پر۔
101,کسی صوبائی اسمبلی میں زیر غور کوئی بل، اسمبلی کے تحلیل ہونے پر ساقط ہوجائے گا۔,صوبائی اسمبلی کے تحلیل ہونے پر زیرِ غور بل ساقط ہو جائے گا۔
102,دستور میں ترمیم کرنے کا بل کسی بھی ایوان میں شروع کیا جا سکتا ہے۔,دستور میں ترمیم کرنے کے بل کی ابتدا کسی بھی ایوان میں کی جا سکتی ہے۔
103,اگر کوئی شخص یوم آغاز سے قبل قومی اسمبلی اور صوبائی اسمبلی دونوں کا رکن ہو، تو اسے کسی ایک نشست سے مستعفی ہونا پڑے گا قبل اس کے کہ وہ کسی بھی اسمبلی میں نشست سنبھالے۔,اسے اپنی دونوں نشستوں میں سے ایک سے استعفی دینا ہوگا۔
104,سینیٹ کے ارکان کی میعاد چھ سال ہوتی ہے۔,چھ سال۔
105,جی ہاں، کوئی ایوان اپنی رکنیت میں خالی جگہوں کے باوجود کام جاری رکھ سکتا ہے۔,جی ہاں۔
106,جی ہاں، صدر گورنر کو وفاق کے ایسے علاقوں سے متعلق کارہائے منصبی انجام دینے کا حکم دے سکتا ہے جو کسی صوبے میں شامل نہیں ہیں۔,جی ہاں، صدر کسی صوبے کے گورنر کو وفاق کے ایسے علاقوں کے معاملات سنبھالنے کا حکم دے سکتا ہے جو کسی صوبے میں شامل نہیں ہیں۔
107,نتائج کو صرف ایک انتخابی درخواست کے ذریعے ٹربیونل کے سامنے پیش کر کے چیلنج کیا جا سکتا ہے، جو مجلس شوریٰ (پارلیمنٹ) کے ایکٹ کے ذریعے مقرر کیا گیا ہو۔,الیکشن ٹربیونل میں درخواستِ انتخابی تنازعہ دائر کر کے، جس کا طریقہ کار پارلیمنٹ کے ایکٹ میں طے ہے۔
108,قومی مالیاتی کمیشن یوم آغاز سے چھ ماہ کے اندر اور اس کے بعد ایسے وقفوں سے جو پانچ سال سے متجاوز نہ ہوں، تشکیل دیا جانا چاہیے۔,ہر پانچ سال بعد از کم ایک مرتبہ۔
109,جی ہاں، انتظامی عدالتوں یا ٹربیونلز کے فیصلوں کے خلاف عدالت عظمیٰ میں اپیل کی جا سکتی ہے، لیکن صرف اس صورت میں جب عدالت عظمیٰ اس بات کا اطمینان کر لے کہ مقدمے میں عوامی اہمیت کا حامل کوئی اہم امر قانونی شامل ہے اور اپیل دائر کرنے کی اجازت دے دے۔,جی ہاں، لیکن صرف اس صورت میں جب عدالتِ عظمیٰ کو یہ اطمینان ہو جائے کہ مقدمے میں عوامی اہمیت کا حامل کوئی اہم قانونی نکتہ موجود ہے۔
110,اگر کسی خدمت کے لیے مختص کردہ بجٹ مالی سال کے دوران ناکافی ہو تو صوبائی حکومت صوبائی مجموعی فنڈ سے اضافی خرچ کی منظوری دے سکتی ہے اور صوبائی اسمبلی کے سامنے ایک ضمنی کیفیت نامہ میزانیہ پیش کر سکتی ہے۔,صوبائی حکومت صوبائی مجموعی فنڈ سے خرچ کی منظوری دے سکتی ہے اور صوبائی اسمبلی میں ایک ضمنی کیفیت نامہ میزانیہ پیش کرے گی۔
111,کوئی شخص سنگین غداری کا مجرم ہو سکتا ہے اگر وہ طاقت کے استعمال، طاقت کے مظاہرے، یا کسی دیگر غیر آئینی ذرائع سے دستور کی تنسیخ، تخریب، معطلی، یا التواء میں رکھے، یا اگر وہ ایسا کرنے کی کوشش یا سازش کرے۔,آئین کو طاقت کے استعمال یا غیر آئینی ذرائع سے منسوخ، ختم، معطل یا موخر کرنے کا اقدام، یا ایسی کسی سازش میں ملوث ہونا، یا ایسے اقدامات میں مدد، اعانت یا شرکت کرنا۔
112,جی ہاں، عدالت عظمیٰ انصاف کے مفاد میں کسی مقدمے، اپیل یا دیگر کارروائی کو ایک عدالت عالیہ سے دوسری عدالت عالیہ میں منتقل کر سکتی ہے۔,جی ہاں، اگر انصاف کے مفاد میں ایسا کرنا مناسب سمجھے تو عدالتِ عظمیٰ کسی مقدمے، اپیل یا دیگر کارروائی کو ایک عدالتِ عالیہ سے دوسری عدالتِ عالیہ میں منتقل کر سکتی ہے۔
113,عدالت عالیہ سندھ و بلوچستان، بلوچستان اور سندھ کے صوبوں کے لیے مشترکہ عدالت عالیہ کے طور پر کام کرنا بند کر دے گی۔,سندھ اور بلوچستان کی مشترکہ عدالتِ عالیہ کو ختم کر کے دونوں صوبوں کے لیے الگ الگ عدالتیں قائم کر دی گئیں۔ صدرِ مملکت نے ایک فرمان کے ذریعے یہ تبدیلی نافذ کی۔
114,وفاق کا یہ فرض ہوگا کہ ہر صوبے کو بیرونی جارحیت اور اندرونی خلفشار سے محفوظ رکھے۔,وفاق کا فرض ہے کہ وہ ہر صوبے کو بیرونی جارحیت اور اندرونی خلفشار سے محفوظ رکھے اور اس بات کو یقینی بنائے کہ ہر صوبے کی حکومت آئین کے مطابق چلائی جائے۔
115,اگر صدر صوبائی اسمبلی کی قرارداد کے بغیر داخلی خلفشار کی وجہ سے ہنگامی حالت کا اعلان کرے تو ہنگامی حالت کے اعلان کو مجلس شوریٰ (پارلیمنٹ) کے دونوں ایوانوں کے روبرو دس دن کے اندر منظوری کے لیے پیش کیا جائے گا۔,ایسے اعلان کو پارلیمنٹ کے دونوں ایوانوں سے دس دن کے اندر منظوری کے لیے پیش کرنا ہوگا۔
116,جی ہاں، وفاقی حکومت صوبے کو ایسے ذرائع مواصلات کی تعمیر اور نگہداشت کے بارے میں ہدایات دے سکتی ہے جنہیں قومی یا فوجی اہمیت کا حامل قرار دیا گیا ہو۔,جی ہاں، اگر وفاقی حکومت ہدایت میں ان ذرائع مواصلات کو قومی یا فوجی اہمیت کا حامل قرار دے۔
117,صدر کو قومی اسمبلی کے لیے ہر عام انتخاب کے بعد پہلے اجلاس کے آغاز پر اور ہر سال کے پہلے اجلاس کے آغاز پر دونوں ایوانوں سے یکجا خطاب کرنا ہوتا ہے۔,صدر کو قومی اسمبلی کے ہر عام انتخابات کے بعد پہلے اجلاس کے آغاز پر اور ہر سال کے پہلے اجلاس کے آغاز پر یکجا دونوں ایوانوں سے خطاب کرنا ہوتا ہے۔
118,جی ہاں، ۱۹۷۷ء اور ۲۰۰۲ء کے فرامین کے تحت منعقد شدہ انتخابات کا اثر ایسے ہوگا جیسے وہ دستور کے تحت منعقد ہوئے ہوں۔,جی ہاں، آئین کے تحت انہیں موثر اور قانونی حیثیت دی گئی ہے۔
119,وزیر اعظم مشترکہ مفادات کی کونسل کا چیئرمین ہوتا ہے۔,وزیرِ اعظم
120,نہیں، کسی شخص کو شہادت حاصل کرنے کی غرض سے اذیت نہیں دی جائے گی۔,نہیں۔
121,سینیٹ میں اسپیکر اور ڈپٹی اسپیکر کے مساوی عہدے چیئرمین اور ڈپٹی چیئرمین ہیں۔,چیئرمین اور ڈپٹی چیئرمین۔
122,مالی بل کی ابتدا قومی اسمبلی میں ہوگی۔,قومی اسمبلی سے۔
123,عارضی تقرری اس وقت تک برقرار رہتی ہے جب تک کہ صدر اس کو منسوخ نہ کر دے۔,صدرِ مملکت جب تک اسے منسوخ نہ کر دیں۔
