id,answers,prediction_text_mistral
0,اسلامی کونسل کا کوئی رکن تین سال کی مدت کے لیے اپنے عہدے پر فائز رہے گا۔,اسلامی کونسل کے رکن کی مدت کار تین سال ہوتی ہے۔
1,پاکستان میں یوم آغاز سے قبل قبائلی علاقے جات میں بلوچستان اور خیبر پختونخوا کے قبائلی علاقے جات، اور امب، چترال، دیر اور سوات کی سابقہ ریاستیں شامل تھیں۔,پاکستان میں یوم آغاز سے قبل، بلوچستان اور خیبر پختونخوا کے قبائلی علاقے جات، امب، چترال، دیر اور سوات کی سابقہ ریاستیں کو قبائلی علاقے جات سمجھا جاتا تھا۔
2,نہیں، کسی عدالت عالیہ کے جج کا اس کی رضامندی کے بغیر اور صدر کی طرف سے چیف جسٹس پاکستان اور دونوں عدالت عالیہ کے چیف جسٹسوں کے مشورے کے بعد کسی دوسری عدالت عالیہ میں تبادلہ نہیں کیا جا سکتا۔,نہیں، کسی عدالت عالیہ کے جج کا اس کی رضامندی کے بغیر کسی دوسری عدالت عالیہ میں تبادلہ نہیں کیا جا سکتا۔
3,وفاقی حکومت یا، جیسی بھی صورت ہو، صوبائی حکومت کے پاس موجودہ قواعد و احکام میں ترمیم کرنے کا اختیار ہے۔,وفاقی حکومت یا صوبائی حکومت کے پاس ہے۔
4,کسی رکن کو منحرف قرار دینے سے پہلے، پارٹی کے سربراہ کو مذکورہ رکن کو اس بارے میں اظہار وجوہ کا موقع فراہم کرنا چاہیے کہ کیوں نہ اس کے خلاف مذکورہ اعلان کر دیا جائے۔,پارٹی کا سربراہ مذکورہ رکن کو اس بارے میں اظہار وجوہ کا موقع فراہم کرے گا کہ کیوں نہ اس کے خلاف مذکورہ اعلان کر دیا جائے۔
5,وفاقی حکومت کی طرف سے برقیابی بجلی کی پیداوار سے کمائے گئے اصل منافع جات اس صوبے کو ادا کر دیئے جاتے ہیں جس میں وہ برقیابی بجلی گھر واقع ہو۔,وفاقی حکومت کی طرف سے برقیابی بجلی کی پیداوار سے کمائے گئے اصل منافع جات اس صوبے کو ادا کر دیئے جائیں گے جس میں وہ برقیابی بجلی گھر واقع ہو۔
6,پاکستان میں صوبائی آسامیوں کے تقرر اور شرائط ملازمت کا تعین صوبائی اسمبلی کے ایکٹ کے تحت یا اس کے ذریعے کیا جاتا ہے۔,پاکستان میں صوبائی آسامیوں کے تقرر اور شرائط ملازمت کا تعین اس صوبائی اسمبلی کے ایکٹ کے تحت یا اس کے ذریعے ہوتا ہے۔
7,نہیں، کسی شخص کو کسی ایسے فعل یا ترک فعل کے لیے سزا نہیں دی جا سکتی جو اس کے سرزد ہونے کے وقت قانون کے تحت قابل سزا نہ تھا۔,نہیں، کوئی شخص کو اس عمل کے لیے سزا نہیں دی جا سکتی جو اس وقت غیر قانونی نہیں تھا جب انہوں نے اسے کیا۔
8,نہیں، جو شخص کسی عدالت عالیہ کے مستقل جج کے عہدے پر فائز رہ چکا ہو، وہ اس کے دائرہ اختیار کے اندر کسی عدالت یا کسی ہیئت مجاز کے روبرو وکالت یا کام نہیں کرے گا۔,نہیں، کسی سابق عدالت عالیہ کے جج کو اس کے دائرہ اختیار کے اندر کسی عدالت میں کام کرنے کی اجازت نہیں ہے۔
9,کوئی ایوان، کوئی صوبائی اسمبلی، صدر یا گورنر اسلامی کونسل کو یہ سوال بھیج سکتا ہے کہ آیا کوئی مجوزہ قانون اسلامی احکام کے مطابق ہے۔,کسی ایوان، کسی صوبائی اسمبلی، صدر یا کسی گورنر کو کوئی ایسے سوال کے بارے میں مشورہ دینا ہے جس میں کونسل سے اس بابت رجوع کیا گیا ہو کہ آیا کوئی مجوزہ قانون اسلامی احکام کے منافی ہے یا نہیں۔
10,قانون بننے تک صدر بذریعہ فرمان چیئرمین، ڈپٹی چیئرمین، وزیر اعظم اور سینیٹ کے ارکان کی تنخواہیں، بھتے اور مراعات متعین کر سکتا ہے۔,صدر بذریعہ فرمان متعین کرتا ہے۔
11,صدر کو جسمانی یا دماغی نا اہلی، دستور کی خلاف ورزی، یا فاش غلط روی کی بنیاد پر عہدے سے ہٹایا جا سکتا ہے۔,صدر کو جسمانی یا دماغی نا اہلی کی بنیاد پر، دستور کی خلاف ورزی یا فاش غلط روی کے کسی الزام میں عہدے سے ہٹایا جا سکتا ہے۔
12,ہر عدالت عالیہ کے اضافی بینچوں کے مقامات کا تعین گورنر کابینہ کے مشورے اور عدالت عالیہ کے چیف جسٹس کے مشورے سے کرتا ہے۔,عدالت عالیہ کے اضافی بینچوں کے مقامات کا تعین صدر مقام عدالت عالیہ کرتا ہے۔
13,عدالت ایسا حکم صادر کر سکتی ہے جو وہ مناسب سمجھے، جس میں کسی حکم سزا کی تعمیل روکنا اور ملزم کو ضمانت پر یا اس کے اپنے مچلکہ پر رہا کرنا شامل ہو سکتا ہے جب تک کہ ریکارڈ کا جائزہ نہ لے لیا جائے۔,عدالت کو ایسا حکم صادر کر سکے گی جو وہ مناسب سمجھے اور سزا میں اضافہ کر سکے گی، مگر شرط یہ ہے کہ اس آرٹیکل میں کسی امر سے عدالت کو کسی تجویز برأت کو تجویز سزا یابی میں بدلنے کا مجاز کرنا متصور نہیں ہوگا اور اس آرٹیکل کے تحت کوئی حکم ملزم کی مضرت میں صادر نہیں کیا جائے گا تاوقتیکہ اسے خود اپنی صفائی میں سماعت کا موقع فراہم نہ کر دیا جائے۔
14,گورنر، عدالت عالیہ کے جج، صوبائی اسمبلی کے اسپیکر اور ڈپٹی اسپیکر، اور عدالت عالیہ اور صوبائی اسمبلی سیکرٹریٹ کے افسران اور ملازمین کی تنخواہ صوبائی مجموعی فنڈ پر واجب الادا ہوتی ہے۔,"- گورنر اور اس کے دفتر سے متعلق دیگر اخراجات، اور ان کی تنخواہ؛
- عدالت عالیہ کے جج؛
- صوبائی اسمبلی کے اسپیکر اور ڈپٹی اسپیکر؛"
15,بل پر مجلس شوریٰ (پارلیمنٹ) کے مشترکہ اجلاس میں دوبارہ غور کیا جاتا ہے، اور اگر اسے دونوں ایوانوں کے موجود اراکین کی اکثریت رائے دہی اور رائے شماری سے دوبارہ منظور کر لیا جائے، تو اسے صدر کو پیش کیا جاتا ہے، جو دس دن کے اندر اس کی منظوری دے گا، ناکامی کی صورت میں مذکورہ منظوری دی گئی متصور ہو گی۔,جب صدر بل کو مجلس شوریٰ (پارلیمنٹ) کو واپس کر دے تو مجلس شوریٰ (پارلیمنٹ) مشترکہ اجلاس میں دوبارہ غور کرے گی اور اگر اسے مجلس شوریٰ (پارلیمنٹ) دونوں ایوانوں کی اکثریت رائے دہی اور رائے شماری سے دوبارہ منظور کر لے، تو اسے دستور کی اغراض کے لیے دونوں ایوانوں کی طرف سے منظور شدہ تصور کیا جائے گا اور اسے صدر کو پیش کیا جائے گا اور صدر اس کی منظوری دس دن میں دے گا، اس میں ناکامی پر مذکورہ منظوری دی گئی متصور ہو گی۔
16,گورنر عدالت عالیہ کے چیف جسٹس کے سامنے حلف اٹھاتا ہے۔,چیف جسٹس کے سامنے
17,ہنگامی حالت کے دوران پارلیمنٹ کے بنائے گئے قوانین، جنہیں بنانے کا اختیار پارلیمنٹ کو نہ ہوتا اگر ہنگامی حالت کا اعلان جاری نہ ہوا ہوتا، اعلان کے نافذ العمل نہ رہنے کے چھ ماہ بعد غیر موثر ہو جائیں گے، سوائے ان امور کے جو مذکورہ مدت کے ختم ہونے سے قبل انجام پا چکے ہوں یا انجام دہی سے نظرانداز ہو گئے ہوں۔,جب ہنگامی حالت کا اعلان نافذ العمل نہ رہنے کے چھ ماہ بعد، مجلس شوریٰ (پارلیمنٹ) کے وضع کردہ قوانین اس حد تک غیر موثر ہو جائیں گے جس حد تک کہ مجلس شوریٰ (پارلیمنٹ) کو اس کے بنانے کا اختیار نہ تھا سوائے ان امور کے بابت جو مذکورہ مدت کے ختم ہونے سے قبل انجام پا چکے ہوں یا انجام دہی سے نظرانداز ہو گئے ہوں۔
18,وزیرِاعظم کے خلاف عدم اعتماد کا ووٹ پیش کرنے کے لیے قومی اسمبلی کی کل رکنیت کے کم از کم بیس فیصد ارکان کی ضرورت ہوتی ہے۔,قومی اسمبلی کی کل رکنیت کے کم از کم بیس فیصد ارکان کی ضرورت ہوتی ہے۔
19,وفاقی حکومت کو کسی صوبے میں پن بجلی کے پاور اسٹیشن تعمیر کرنے کا فیصلہ کرنے سے پہلے متعلقہ صوبائی حکومت سے مشاورت کرنی چاہیے۔,وفاقی حکومت کو متعلقہ صوبائی حکومت سے مشاورت کرنی چاہیے۔
20,پاکستان کے چیف جسٹس صدر کو حلف دلواتے ہیں۔,چیف جسٹس
21,نہیں، کوئی پاکستانی شہری وفاقی حکومت کی منظوری کے بغیر کسی بیرونی ریاست سے کوئی خطاب، اعزاز یا اعزازی نشان قبول نہیں کر سکتا۔,نہیں، کوئی شہری وفاقی حکومت کی منظوری کے بغیر کسی بیرونی ریاست سے کوئی اعزاز قبول نہیں کرے گا۔
22,جی ہاں، انگریزی زبان اس وقت تک سرکاری اغراض کے لیے استعمال کی جا سکتی ہے، جب تک کہ اسے اردو سے تبدیل کرنے کے انتظامات نہ ہو جائیں۔,ہاں، انگریزی زبان سرکاری اغراض کے لیے استعمال کی جا سکتی ہے، جب تک کہ اسے اردو سے تبدیل کرنے کے انتظامات نہ ہو جائیں۔
23,الیکشن کمیشن کے ارکان کا تقرر صدر کرتا ہے۔,صدر آرٹیکل 213 کی شق 2A اور 2B میں فراہم کیے گئے طریقہ کار کے مطابق تقرر کرتا ہے۔
24,نہیں، کسی شخص کو کوئی ایسا خاص محصول ادا کرنے پر مجبور نہیں کیا جا سکتا جس کی آمدنی اس کے اپنے مذہب کے علاوہ کسی اور مذہب کی تبلیغ و ترویج پر صرف کی جائے۔,نہیں، کسی کو ایسا محصول ادا کرنے پر مجبور نہیں کیا جائے گا جس کی آمدنی اس کے اپنے مذہب کے علاوہ کسی اور مذہب کی تبلیغ و ترویج پر صرف کی جائے۔
25,جی ہاں، اگر کوئی صوبائی حکومت اپنے صوبے سے باہر تجارت یا کاروبار کرتی ہے، تو اس پر مجلس شوریٰ (پارلیمنٹ) کے ایکٹ یا جس صوبے میں وہ تجارت یا کاروبار کیا جاتا ہو، اس صوبے کی صوبائی اسمبلی کے ایکٹ کے تحت محصول عائد کیا جا سکتا ہے۔,ہاں، اگر کسی صوبے کی حکومت سے کسی قسم کی تجارت یا کاروبار، اپنے صوبے سے باہر کرتی ہو، تو اس حکومت پر اس تجارت یا کاروبار سے حاصل شدہ آمدنی کی بابت مجلس شوریٰ (پارلیمنٹ) کے ایکٹ کے تحت، یا جس صوبے میں وہ تجارت یا کاروبار کیا جاتا ہو، اس صوبے کی صوبائی اسمبلی کے ایکٹ کے تحت محصول عائد کیا جا سکے گا۔
26,گورنر، وزیراعلیٰ کو اپنے عہدے پر برقرار رہنے کے لیے کہہ سکتا ہے تاوقتیکہ اس کا جانشین وزیراعلیٰ کے عہدے پر فائز نہ ہو جائے۔,گورنر
27,جی ہاں، صوبائی حکومت یا مقامی ہیئت مجاز تقرر سے قبل کسی بھی آسامی یا ملازمت کی قسم کے لیے زیادہ سے زیادہ تین سال تک سکونت کی شرائط عائد کر سکتی ہے۔,ہاں، صوبائی حکومت عوامی خدمت کی ملازمتوں کے لیے سکونت کی شرائط مقرر کر سکتی ہے لیکن یہ شرائط زیادہ سے زیادہ تین سال تک کی ہو سکتی ہیں۔
28,جی ہاں، قومی اسمبلی کی رکنیت کے لئے اہلیت اور نااہلیت کے قواعد صوبائی اسمبلی پر بھی لاگو ہوتے ہیں۔,جی ہاں، قومی اسمبلی کے رکن بننے کے لئے وہی قواعد صوبائی اسمبلی پر بھی لاگو ہوتے ہیں۔
29,عدالت عظمیٰ کا جج پینسٹھ سال کی عمر کو پہنچنے تک خدمت کر سکتا ہے۔,پینسٹھ سال کی عمر تک
30,قومی مالیاتی کمیشن کا ایک فرض صدر کو وفاق اور صوبوں کے مابین بعض محصولات کی خالص آمدنی کی تقسیم کے بارے میں سفارشات پیش کرنا ہے۔,"قومی مالیاتی کمیشن کا فرض ہوگا کہ وہ صدر کو حسب ذیل کے بارے میں سفارشات پیش کرے:
(الف) شق 3 میں مذکورہ محصولات کی خالص آمدنی کی وفاق اور صوبوں کے مابین تقسیم؛
(ب) وفاقی حکومت کی جانب سے صوبائی حکومتوں کو امدادی رقوم دینا؛
(ج) وفاقی حکومت اور صوبائی حکومتوں کی جانب سے قرضہ لینے کے اختیارات کا استعمال جو از روئے دستور عطا ہوئے ہیں؛ اور
(د) مالیات سے متعلق کوئی اور معاملہ جسے صدر نے کمیشن کو بھیجا ہو۔"
31,یوم آغاز سے قبل صوبائی اغراض کے لیے استعمال ہونے والی جائیداد اور اثاثے اس دن سے صوبے کی حکومت کے تصرف میں آ جائیں گے۔,یوم آغاز سے قبل صوبائی اغراض کے لیے استعمال ہونے والی جائیداد اور اثاثے اس دن سے اس صوبے کی حکومت کے تصرف میں آ جائیں گی۔
32,ایوان کی کارروائی اس بناء پر ناجائز نہیں ہوگی کہ کچھ اشخاص جو ایسا کرنے کا حق نہیں رکھتے تھے، کارروائی کے دوران بیٹھے، ووٹ دیئے یا کسی اور صورت میں حصہ لیتے رہے۔,ایوان کی کوئی کارروائی اس بناء پر ناجائز نہیں ہوگی کہ کچھ اشخاص جو ایسا کرنے کا حق نہیں رکھتے تھے، کارروائی کے دوران بیٹھے، ووٹ دیئے یا کسی اور صورت میں حصہ لیتے رہے۔
33,جی ہاں، ہر مذہبی گروہ اور فرقے کو قانون، امن عامہ اور اخلاق کے تابع اپنے مذہبی ادارے قائم کرنے، برقرار رکھنے اور ان کا انتظام کرنے کا حق ہے۔,ہاں، مذہبی گروہوں کو پاکستان میں اپنے مذہبی ادارے قائم کرنے، برقرار رکھنے اور ان کا انتظام کرنے کا حق ہے۔
34,مجلس شوریٰ (پارلیمنٹ) کو وفاقی قانون سازی کی فہرست میں شامل کسی امر کے بارے میں قوانین بنانے کا بلا شرکت غیرے اختیار ہوگا۔,مجلس شوریٰ (پارلیمنٹ) کو وفاقی قانون سازی کی فہرست میں شامل امور پر قوانین بنانے کا اختیار ہے۔
35,سینیٹ 96 ارکان پر مشتمل ہے۔,سینیٹ میں 96 ارکان ہیں۔
36,نہیں، کوئی شخص جو کسی مجاز عدالت کی طرف سے فاتر العقل قرار دیا گیا ہو، پارلیمنٹ کا رکن منتخب ہونے یا چنے جانے کے لیے نااہل ہوتا ہے۔,نہیں، کوئی شخص جو عدالت کی طرف سے فاتر العقل قرار دیا گیا ہو، پارلیمنٹ کا رکن نہیں بن سکتا۔
37,سپریم کورٹ میں اپیل کی جا سکتی ہے اگر ہائی کورٹ نے اپیل پر کسی ملزم کے بری ہونے کے حکم کو بدل دیا ہو اور اسے سزائے موت یا عمر قید یا عمر قید کی سزا دے دی ہو، یا نگرانی کی درخواست پر کسی سزا کو بڑھا کر مذکورہ بالا سزا دے دی ہو۔,اگر ہائی کورٹ نے اپیل پر کسی ملزم کے بری ہونے کے حکم کو بدل دیا ہو اور اسے سزائے موت یا عمر قید یا عمر قید کی سزا دے دی ہو، یا نگرانی کی درخواست پر کسی سزا کو بڑھا کر مذکورہ بالا سزا دے دی ہو، تو سپریم کورٹ میں اپیل کی جا سکتی ہے۔
38,شخص کو سپریم کورٹ کا جج، اعلیٰ سول افسر، یا ٹیکنوکریٹ ہونا چاہیے اور اس کی عمر اڑسٹھ سال سے زیادہ نہیں ہونی چاہیے۔,کوئی شخص بطور کمشنر مقرر نہیں کیا جائے گا، تاآنکہ وہ سپریم کورٹ کا جج رہا ہو یا اعلیٰ سول افسر رہا ہو یا ٹیکنوکریٹ ہو اور اس کی عمر اڑسٹھ سال سے زیادہ نہ ہو۔
39,صوبائی حکومت کو کارہائے منصبی کی صوبائی اسمبلی سے ساٹھ دنوں میں توثیق کرانی چاہیے۔,صوبائی حکومت کو کارہائے منصبی کو حاصل کرنا چاہیے جو اس طرح سپرد کیے گئے جن کی صوبائی اسمبلی ساٹھ دنوں میں توثیق کرے گی۔
40,بیان کی گئی شرط یہ ہے کہ ریاست جموں و کشمیر کے عوام کو پاکستان میں شامل ہونے کا فیصلہ کرنا ہوگا۔,مذکورہ ریاست کے عوام کی خواہشات کے مطابق
41,وفاق کا عاملانہ اختیار کسی صوبے کے اندرونی امور پر حاوی نہیں ہو سکتا اگر صوبائی اسمبلی کو بھی ان امور پر قوانین وضع کرنے کا اختیار ہو، ماسواۓ جیسا کہ دستور میں یا پارلیمنٹ کے وضع کردہ کسی قانون میں بالصرات موجود ہو۔,نہیں، وفاق کا عاملانہ اختیار کسی صوبے کے اندرونی امور پر حاوی نہیں ہو سکتا جس کے بارے میں صوبائی اسمبلی کو بھی قوانین وضع کرنے کا اختیار ہو۔
42,نہیں، یہ احکام غیر مسلم شہریوں کے قوانین شخصی یا ان کی بطور شہری حیثیت پر اثر انداز نہیں ہوتے۔,نہیں، قرآن پاک اور سنت کے احکام غیر مسلم شہریوں کے قوانین شخصی پر اثر نہیں پڑتے۔
43,کوئی بھی عدالتی فیصلے جو پارلیمنٹ کو مخصوص آمدنی پر ٹیکس عائد کرنے کی اجازت دینے والی دفعات کے خلاف ہوں، کالعدم اور بے اثر تصور کیے جائیں گے۔,کسی عدالت یا ٹربیونل، بشمول عدالت عظمیٰ یا کسی عدالت عالیہ، کا ہر ایک فیصلہ یا حکم، جو شق ۱ یا شق ۲ کے احکام کے خلاف ہو، کالعدم اور بغیر کسی بھی اثر کے ہوگا اور ہمیشہ سے کالعدم اور بغیر کسی بھی اثر کے متصور ہوگا۔
44,انتظامی اخراجات میں عدالت عظمیٰ، عدالت عالیہ اسلام آباد، محاسب اعلیٰ کے محکمہ، چیف الیکشن کمشنر اور انتخابی کمیشن کے دفتر اور سینٹ اور قومی اسمبلی کے دفاتر کے افسران اور عملہ کو واجب الادا مشاہرہ شامل ہیں۔,عدالت عظمیٰ، عدالت عالیہ اسلام آباد، محاسب اعلیٰ کے محکمہ اور چیف الیکشن کمشنر اور انتخابی کمیشن کے دفتر اور سینٹ اور قومی اسمبلی کے دفاتر کے انتظامی مصارف بشمول افسران اور عملہ کو واجب الادا مشاہرہ سمیت انتظامی اخراجات۔
45,زرعی آمدنی سے مراد وہ زرعی آمدنی ہے جس کی تعریف محصول آمدنی سے متعلق قانون کی اغراض کے لیے کی گئی ہے۔,زرعی آمدنی سے مراد وہ زرعی آمدنی ہے جس کی تعریف محصول آمدنی سے متعلق قانون کی اغراض کے لیے کی گئی ہے۔
46,پاکستان کی ایک عدالت عظمیٰ، ہر صوبے کے لیے ایک عدالت عالیہ، دارالحکومت اسلام آباد کے لیے ایک عدالت عالیہ، اور ایسی دوسری عدالتیں ہوں گی جو قانون کے ذریعے قائم کی جائیں گی۔,پاکستان کے آئین کے مطابق، ایک عدالت عظمیٰ، ہر صوبے کے لیے ایک عدالت عالیہ اور دارالحکومت اسلام آباد کے لیے ایک عدالت عالیہ اور ایسی دوسری عدالتیں قائم کی گئی ہیں جو قانون کے ذریعے قائم کی جائیں گی۔
47,کونسل کی ہدایات یا احکام اس طرح قابل نفاذ ہوں گے گویا کہ وہ عدالت عظمیٰ کی جانب سے جاری ہوئے ہوں۔,کونسل کی ہدایات یا احکام اس طرح قابل نفاذ ہوتے ہیں گویا کہ وہ عدالت عظمیٰ کی جانب سے جاری ہوئے ہوں۔
48,جی ہاں، اس آرٹیکل کے احکامات کا اطلاق ان افراد کے مقدمات پر نہیں ہوگا جو کسی ایکٹ کے تحت مقدمہ چلانے کا دعویٰ کرتے ہیں، یا جو کسی دہشت گرد جماعت یا تنظیم سے وابستہ ہونے کا دعویٰ کرتے ہیں یا اس سے شناخت ہوتے ہیں جو مذہب یا فرقے کے نام کا غلط استعمال کر رہی ہو۔,ہاں، استثنیٰ ہے۔ اس آرٹیکل کے احکامات کا اطلاق ان افراد کے مقدمات پر نہیں ہوگا جو حصہ اول کے ذیلی حصہ سوم کے نمبر شمار 6 اور 7 میں مذکور کسی ایکٹ کے تحت مقدمہ چلانے کا دعویٰ کرتے ہیں، یا جو کسی دہشت گرد جماعت یا تنظیم سے وابستہ ہونے کا دعویٰ کرتے ہیں یا اس سے شناخت ہوتے ہیں جو مذہب یا فرقے کے نام کا غلط استعمال کر رہی ہو۔
49,آرٹیکل میں کہا گیا ہے کہ وفاقی حکومت کی طرف سے یا اس کی طرف سے وصول شدہ رقوم کی تحویل، ان کی ادائیگی اور بازخواست، اور تمام متعلقہ امور مجلس شوریٰ (پارلیمنٹ) کے ایکٹ کے ذریعے یا اس بارے میں احکام وضع ہونے تک صدر کے وضع کردہ قواعد کے بموجب منضبط ہوں گے۔,مذکورہ بالا متن میں، وفاقی حکومت کی طرف سے وصول شدہ رقوم کی تحویل اور ان کی ادائیگی اور بازخواست کے بارے میں صدر کے وضع کردہ قواعد کے بموجب منضبط ہوں گے۔
50,وفاقی قانون سازی کی فہرست سے متعلق بل کی ابتدا کسی بھی ایوان میں ہو سکتی ہے۔,کسی بھی ایوان میں ہو سکتی ہے۔
51,ریاست پاکستان کے تمام علاقوں کے لوگوں کو پاکستان کی مسلح افواج میں شرکت کے قابل بناتی ہے۔,ریاست مختلف علاقوں کے لوگوں کو فوج میں شامل ہونے کے قابل بنانے کے لیے تمام علاقوں میں مسلح افواج کے لیے بھرتی کے مواقع فراہم کرتی ہے۔
52,وفاقی اور صوبائی حکومتوں کے حسابات کا محاسبہ محاسب اعلیٰ کرتا ہے۔,محاسب اعلیٰ وفاقی اور صوبائی حکومتوں کے حسابات کا محاسبہ کرتا ہے۔
53,چیف جسٹس پاکستان عدالت عظمیٰ کے ججوں کا کورم پورا نہ ہونے کی وجہ سے یا کسی دوسری وجہ سے ججوں کی تعداد میں عارضی طور پر اضافہ کرنے کی ضرورت کے تحت، صدر کی منظوری اور جوڈیشل کمیشن کی مشاورت سے جیسا کہ آرٹیکل 175 الف کی شق 2 میں فراہم کیا گیا ہے، ایک عارضی جج مقرر کر سکتے ہیں۔,چیف جسٹس پاکستان ان حالات میں عدالت عظمیٰ کے لیے ایک عارضی جج مقرر کر سکتے ہیں جب کسی وقت عدالت عظمیٰ کے ججوں کا کورم پورا نہ ہونے کی وجہ سے عدالت کا کوئی اجلاس منعقد کرنا یا جاری رکھنا ممکن نہ رہے، یا کسی دوسری وجہ سے یہ ضروری ہو کہ عدالت عظمیٰ کے ججوں کی تعداد میں عارضی طور پر اضافہ کیا جائے۔
54,اگر وفاقی حکومت یا کوئی صوبائی حکومت کونسل کے کسی فیصلے سے غیر مطمئن ہو، تو وہ اس معاملے کو مجلس شوریٰ (پارلیمنٹ) کی مشترکہ نشست میں بھیج سکے گی جس کا فیصلہ اس بارے میں حتمی ہوگا۔,اگر وفاقی حکومت یا کوئی صوبائی حکومت کونسل کے کسی فیصلے سے غیر مطمئن ہو، تو وہ اس معاملے کو مجلس شوریٰ (پارلیمنٹ) کی مشترکہ نشست میں بھیج سکے گی جس کا فیصلہ اس بارے میں حتمی ہوگا۔
55,وفاقی شرعی عدالت کا صدر مقام اسلام آباد میں واقع ہے۔,وفاقی شرعی عدالت کا صدر مقام اسلام آباد میں واقع ہے۔
56,قومی اسمبلی میں زیر غور کوئی بل یا کوئی بل جو قومی اسمبلی سے منظور ہو جانے پر سینیٹ میں زیر غور ہو، قومی اسمبلی کے ٹوٹنے پر ساقط ہو جائے گا۔,قومی اسمبلی کے ٹوٹنے پر قومی اسمبلی میں زیر غور بل ساقط ہو جائے گا۔
57,کسی ایوان یا صوبائی اسمبلی کو سوال اسلامی کونسل کو بھیجنا ضروری ہے اگر اس کی کل رکنیت کا دو پانچواں حصہ یہ مطالبہ کرے۔,اگر کسی ایوان یا صوبائی اسمبلی کی کل رکنیت کا دو پانچواں حصہ یہ مطالبہ کرے۔
58,نہیں، عدالت عظمیٰ یا کسی عدالت عالیہ کے جج کو اس آرٹیکل میں قرار دی گئی شرائط کے بغیر، جن میں اعلیٰ عدالتی کونسل کی تحقیقات شامل ہیں، عہدے سے برطرف نہیں کیا جا سکتا۔,نہیں، عدالت عظمیٰ یا کسی عدالت عالیہ کے جج کو اعلیٰ عدالتی کونسل کی تحقیقات کے بغیر عہدے سے برطرف نہیں کیا جا سکتا۔
59,جی ہاں، عدالت کو ہر لحاظ سے ایسی کارروائی کا اہتمام کرنے اور اپنے طریقہ کار کو منضبط کرنے کا اختیار ہوگا جیسا کہ وہ مناسب خیال کرے۔,ہاں، عدالت کو اپنے طریقہ کار کو منضبط کرنے کا اختیار ہوگا، جیسا کہ شق ۲ میں ذکر کیا گیا ہے۔
60,دستور کے تحت پہلی صوبائی اسمبلی کے اراکین وہ ہیں جو یوم آغاز سے عین قبل موجود اس صوبے کی اسمبلی کے اراکین ہیں، اور وہ زائد اراکین جو آرٹیکل ۱۰۶ کی شق ۳ میں محولہ نشستوں کو پر کرنے کے لیے اراکین کی طرف سے قانون کے مطابق منتخب کیے جائیں گے۔,"پہلی صوبائی اسمبلی حسب ذیل پر مشتمل ہوگی:

- اول: یوم آغاز سے عین قبل موجود اس صوبے کی اسمبلی کے اراکین پر؛ اور
- دوم: ان زائد اراکین پر جو آرٹیکل ۱۰۶ کی شق ۳ میں محولہ نشستوں کو پر کرنے کے لیے اراکین کی طرف سے قانون کے مطابق منتخب کیے جائیں گے۔"
61,سپریم کورٹ اور ہائی کورٹ کے ججوں کی تنخواہ اور ملازمت کی شرائط کی تفصیلات جدول پنجم میں مل سکتی ہیں۔,جدول پنجم میں مذکور ہیں۔
62,'قانون' میں کوئی رسم یا رواج شامل ہے جو قانون کا اثر رکھتا ہو مگر اس میں دستور، مسلم شخصی قانون، کسی عدالت یا ٹریبونل کے ضابطہ کار سے متعلق کوئی قانون یا، اس باب کے آغاز نفاذ سے دس سال کی مدت گزرنے تک، کوئی مالی قانون یا محصولات یا فیسوں کے عائد کرنے اور جمع کرنے یا بنکاری یا بیمہ کے عمل اور طریقہ سے متعلق کوئی قانون شامل نہیں ہے۔,"``` ""قانون"" میں کوئی رسم یا رواج شامل ہے جو قانون کا اثر رکھتا ہو مگر اس میں دستور، مسلم شخصی قانون، کسی عدالت یا ٹریبونل کے ضابطہ کار سے متعلق کوئی قانون یا، اس باب کے آغاز نفاذ سے دس سال کی مدت گزرنے تک، کوئی مالی قانون یا محصولات یا فیسوں کے عائد کرنے اور جمع کرنے یا بنکاری یا بیمہ کے عمل اور طریقہ سے متعلق کوئی قانون شامل نہیں ہے؛```"
63,الیکشن کمیشن حلقوں کی حدبندی بشمول مقامی حکومتوں کے انتخابی حلقوں کی حدبندی کا ذمہ دار ہے۔,الیکشن کمیشن
64,یہ قرار دیتا ہے کہ آرٹیکل ۱۵۲اے کو حذف کر دیا گیا اور آرٹیکل ۱۷۹ اور ۱۹۵ کو تبدیل کر دیا گیا، اور یہ تبدیلی ہمیشہ سے نافذ العمل سمجھی جائے گی۔,دستور (سترہویں ترمیم) ایکٹ، ۲۰۰۳ کے ذریعے آرٹیکل ۱۵۲اے کو حذف کر دیا گیا اور آرٹیکل ۱۷۹ اور ۱۹۵ کو تبدیل کر دیا گیا ہے۔
65,جی ہاں، صدر وزیر اعظم سے اپنے عہدے پر برقرار رہنے کے لیے کہہ سکتا ہے جب تک کہ اس کا جانشین وزیر اعظم کے عہدے پر فائز نہ ہو جائے۔,نہیں، وزیر اعظم نئے وزیر اعظم کے منتخب ہونے کے بعد عہدے پر نہیں رہ سکتا۔
66,مجلس شوریٰ (پارلیمنٹ) کو وفاقی یا صوبائی قانون کے تحت قائم شدہ کارپوریشنز اور دیگر اداروں کی آمدنی پر محصول عائد کرنے کا اختیار ہے۔,مجلس شوریٰ (پارلیمنٹ) کے پاس ہے۔
67,نہیں، کسی ایسے معاملے کے بارے میں جو کونسل کے سامنے زیر بحث ہوا رہا ہو معاملہ کے کسی فریق کی تحریک پر یا کسی ایسے معاملے کے بارے میں، جو اس آرٹیکل کے تحت کونسل کے سامنے شکایت کا مناسب موضوع فی الواقع ہو، یا رہا ہو سکتا ہو یا ہونا چاہیے، کسی بھی شخص کی تحریک پر، کسی عدالت کے سامنے کوئی کارروائی نہیں کی جائے گی۔,نہیں، عدالت کسی ایسے معاملے کے بارے میں کوئی کارروائی نہیں کر سکتی جو کونسل کے سامنے زیر بحث ہوا رہا ہو یا جو کونسل کے سامنے شکایت کا مناسب موضوع فی الواقع ہو، رہا ہو سکتا ہو یا ہونا چاہیے۔
68,نہیں، ایسا بل صدر کی ماقبل منظوری کے بغیر قومی اسمبلی میں پیش نہیں کیا جا سکتا۔,نہیں، کوئی ایسا بل جو صوبوں میں ٹیکس کی تقسیم کو تبدیل کرتا ہو، صدر کی پیشگی منظوری کے بغیر قومی اسمبلی میں پیش نہیں کیا جا سکتا۔
69,جی ہاں، یوم آغاز سے چھ ماہ کی مدت کے لیے، کوئی وفاقی وزیر یا وزیر مملکت یا کسی صوبے کا وزیر اعلیٰ یا صوبائی وزیر ایسا شخص ہو سکتا ہے جو پارلیمنٹ یا اس صوبے کی صوبائی اسمبلی کا رکن نہ ہو۔,ہاں، نیا دستور شروع ہونے کے بعد، یوم آغاز سے چھ ماہ کی مدت کے لیے، کوئی وفاقی وزیر یا کوئی وزیر مملکت یا کسی صوبے کا وزیر اعلیٰ یا کوئی صوبائی وزیر ایسا شخص ہو سکتا ہے جو مجلس شوریٰ (پارلیمنٹ) یا، جیسی بھی صورت ہو، اس صوبے کی صوبائی اسمبلی کا رکن نہ ہو۔
70,پاکستان میں قومی اسمبلی کے رکن منتخب ہونے کے لیے کم از کم عمر پچیس سال ہے۔,پچیس سال
71,عدالت عظمیٰ اور عدالت عالیہ کو توہین عدالت کی سزا دینے کا اختیار ہے۔,عدالت عظمیٰ یا کوئی عدالت عالیہ کو توہین عدالت کی سزا دینے کا اختیار ہے۔
72,چیف جسٹس عدالت عظمیٰ کے دوسرے ججوں کو حلف دلواتا ہے۔,چیف جسٹس کے سامنے
73,اسلامی جمہوریہ پاکستان کا عبوری دستور، مع ان ایکٹوں اور صدر کے فرامین کے، منسوخ کیا گیا ہے۔,اسلامی جمہوریہ پاکستان کا عبوری دستور، مع ان ایکٹوں اور صدر کے فرامین کے جن کے ذریعے اس دستور میں محذوفات، اضافے، ردوبدل یا ترامیم کی گئیں
74,صدر پاکستان کے اٹارنی جنرل کو مقرر کرتا ہے۔,صدر مقرر کرتا ہے۔
75,جی ہاں، حکومت کسی بھی تجارت یا پیشے کو اجرت نامہ کے طریقہ کار کے ذریعے منضبط کر سکتی ہے، آزادانہ مقابلہ کے مفاد کے پیش نظر تجارت، کاروبار یا صنعت کو منضبط کر سکتی ہے، اور دیگر اشخاص کو قطعی یا جزوی طور پر خارج کر کے کسی تجارت، کاروبار، صنعت یا خدمت کا انتظام کر سکتی ہے۔,ہاں، بعض شرائط قابلیت کے تابع کوئی پابندیاں ہیں کہ کون کاروبار یا تجارت چلا سکتا ہے۔
76,ﺻﻮﺑﺎﺋﯽ ﺍﺳﻤﺒﻠﯽ ﺍﭘﻨﮯ ﭘﮩﻠﮯ ﺍﺟﻼﺱ ﮐﯽ ﺗﺎﺭﯾﺦ ﺳﮯ ﭘﺎﻧﭻ ﺳﺎﻝ ﮐﯽ ﻣﯿﻌﺎﺩ ﺗﮏ ﺑﺮﻗﺮﺍﺭ ﺭﮨﺘﯽ ﮨﮯ ﺍﻭﺭ ﺍﭘﻨﯽ ﻣﯿﻌﺎﺩ ﮐﮯ ﺍﺧﺘﺘﺎﻡ ﭘﺮ ﺗﻮﭦ ﺟﺎﺗﯽ ﮨﮯ۔,ﺻﻮﺑﺎﺋﯽ ﺍﺳﻤﺒﻠﯽ ﮐﺎ ﺑﺮﻗﺮﺍﺭ ﭘﺎﻧﭻ ﺳﺎﻝ ﮐﯽ ﻣﯿﻌﺎﺩ ﺗﮏ ﺭﮨﺘﯽ ﮨﮯ ﺍﻭﺭ ﺗﻮﭦ ﺟﺎﺗﯽ ﮨﮯ۔
77,وہ اعمال جو توہین عدالت سمجھے جا سکتے ہیں ان میں عدالت کی قانونی کارروائی کی مذمت کرنا، اس میں مداخلت یا مزاحمت کرنا، عدالت کے کسی حکم کی نافرمانی کرنا، عدالت یا جج کو بدنام کرنا، کوئی ایسا فعل کرنا جو عدالت یا جج کے بارے میں نفرت، تضحیک یا توہین کا باعث ہو، عدالت کے سامنے زیر سماعت معاملے کے فیصلے پر مضر اثر ڈالنا، یا کوئی اور ایسا فعل کرنا جو قانون کے تحت توہین عدالت کا موجب ہو۔,عدالت کی قانونی کارروائی کی مذمت، اس میں مداخلت یا مزاحمت، عدالت کے حکم کی نافرمانی، عدالت کو بدنام کرنا، عدالت یا جج کے بارے میں نفرت، تضحیک یا توہین کا باعث بننے والے اعمال، عدالت کے سامنے زیر سماعت معاملے کے فیصلے پر مضر اثر پڑنے والے اعمال، یا بروز قانون توہین عدالت کا موجب بننے والے دوسرے اعمال توہین عدالت سمجھے جا سکتے ہیں۔
78,ایسے قانونی مقدمات وفاق کی طرف سے یا اس کے خلاف کیے جائیں گے، اور اگر یوم آغاز سے عین قبل کوئی مذکورہ قانونی کارروائی کسی عدالت میں تصفیہ طلب تھی تو اس صورت میں اس کارروائی میں اس دن سے صوبے کی بجائے وفاق کا تبدیل کیا جانا متصور ہوگا۔,اس کارروائی میں اس دن سے اس صوبے کی بجائے وفاق کا تبدیل کیا جانا متصور ہوگا۔
79,نہیں، اس آرٹیکل کی رو سے ایڈووکیٹ جنرل ووٹ دینے کا مستحق نہیں ہے۔,نہیں، ایڈووکیٹ جنرل کو صوبائی اسمبلی میں ووٹ دینے کی اجازت نہیں ہے۔
80,نہیں، کسی ملزم کو اپنے خلاف گواہ بننے پر مجبور نہیں کیا جا سکتا۔,نہیں، کسی ملزم کے لیے اپنے خلاف گواہی دینا لازمی نہیں ہے۔
81,جی ہاں، مجلس شوریٰ (پارلیمنٹ) بذریعہ قانون وفاق میں نئی ریاستوں یا علاقوں کو ایسی قیود و شرائط پر داخل کر سکے گی جو وہ مناسب سمجھے۔,جی ہاں، نئی ریاستیں یا علاقے پاکستان کا حصہ بن سکتے ہیں۔
82,ہر سال قومی اسمبلی کے سامنے بجٹ پیش کرنے کی ذمہ داری وفاقی حکومت کی ہے۔,وفاقی حکومت کی ہے۔
83,اگر قومی اسمبلی کی مجموعی رکنیت کی اکثریت سے عدم اعتماد کا ووٹ منظور ہو جائے، تو وزیرِاعظم عہدے پر فائز نہیں رہے گا۔,اگر شق ۱ میں محولہ قرارداد کو قومی اسمبلی کی مجموعی رکنیت کی اکثریت سے منظور کرایا جائے، تو وزیرِاعظم عہدے پر فائز نہیں رہے گا۔
84,صدر بل کی منظوری دے سکتا ہے یا، کسی ایسے بل کی صورت میں جو مالی بل نہ ہو، اسے مجلس شوریٰ (پارلیمنٹ) میں ایک پیغام کے ساتھ واپس بھیج سکتا ہے کہ بل پر دوبارہ غور کیا جائے اور ممکنہ ترامیم پر غور کیا جائے۔,"جب کوئی بل منظوری کے لیے صدر کو پیش کیا جائے، تو صدر کے پاس دس دن کے اندر دو اختیارات ہوتے ہیں:
- بل کی منظوری دے گا؛ یا
- کسی ایسے بل کی صورت میں جو مالی بل نہ ہو، بل کو ایک پیغام کے ساتھ مجلس شوریٰ (پارلیمنٹ) میں واپس کر دے گا کہ بل پر، یا اس کے کسی مخصوص حکم پر، دوبارہ غور کیا جائے اور یہ کہ پیغام میں مذکور کسی ترمیم پر غور کیا جائے۔"
85,وفاقی حکومت پاکستان کی علاقائی سمندری حدود سے باہر براعظمی کنارے یا سمندر کے نیچے تمام اراضیات، معدنیات اور دیگر قیمتی اشیاء کی مالک ہے۔,پاکستان کی علاقائی سمندری حدود سے باہر براعظمی کنارے میں معدنیات اور دیگر قیمتی اشیاء کا مالک وفاقی حکومت ہے۔
86,پارلیمانی کمیٹی سینٹ کے چار اراکین پر مشتمل ہوتی ہے۔,سینٹ سے چار اراکین پارلیمانی کمیٹی میں شامل ہیں۔
87,صدر کے پاس وفاقی قانون کے احکام کے مطابق شجاعت، مسلح افواج میں قابل تعریف خدمت، تعلیمی امتیاز، یا کھیلوں یا نرسنگ کے میدان میں امتیاز کے اعتراف کے طور پر اعزازی نشانات دینے کا اختیار ہے۔,صدر وفاقی قانون کے احکام کے مطابق شجاعت، مسلح افواج میں قابل تعریف خدمت کے اعتراف میں اعزازی نشانات عطا کر سکے گا۔
88,وزیر اعظم اور وزیر اعلیٰ کے علاوہ دیگر عہدوں کے انتخابات خفیہ رائے دہی کے ذریعے منعقد کیے جاتے ہیں۔,خفیہ رائے دہی کے ذریعے منعقد ہوتے ہیں۔
89,اگر پاکستان میں کسی صوبائی قانون کا وفاقی قانون سے تصادم ہو جائے تو وفاقی قانون غالب رہے گا اور صوبائی قانون تناقض کی حد تک باطل ہوگا۔,اگر کسی صوبائی قانون کا وفاقی قانون سے تصادم ہو جائے تو وفاقی قانون غالب رہے گا اور صوبائی قانون تناقض کی حد تک باطل ہوگا۔
90,جی ہاں، وزیر اعلیٰ گورنر کے نام اپنی دستخطی تحریر کے ذریعے اپنے عہدے سے استعفیٰ دے سکتا ہے۔,ہاں، وزیر اعلیٰ اپنے عہدے سے استعفیٰ دے سکتا ہے۔
91,قومی اسمبلی اور سینیٹ کے خرچ پر قومی اسمبلی یا سینیٹ اپنی مالیاتی کمیٹی کے مشورے پر عمل کرتے ہوئے کنٹرول کرتی ہے۔,قومی اسمبلی یا، جیسی بھی صورت ہو، سینیٹ اپنی مالیاتی کمیٹی کے مشورے پر عمل کرتے ہوئے کنٹرول کرے گی۔
92,صدر عدالت عظمیٰ کے دوسرے ججوں میں سے مقدم ترین جج کو قائم مقام چیف جسٹس پاکستان کی حیثیت سے مقرر کرے گا۔,تو صدر عدالت عظمیٰ کے دوسرے ججوں میں سے مقدم ترین جج کو قائم مقام چیف جسٹس پاکستان کی حیثیت سے مقرر کرے گا۔
93,صدر صوبائی حکومت کے فرائض اس وقت سنبھال سکتا ہے جب اسے صوبے کے گورنر کی طرف سے رپورٹ موصول ہو اور وہ مطمئن ہو کہ صوبائی حکومت دستور کے احکام کے مطابق نہیں چلائی جا سکتی۔,اگر صدر، کسی صوبے کے گورنر کی طرف سے کوئی رپورٹ موصول ہونے پر مطمئن ہوجائے کہ ایسی صورتحال پیدا ہوگئی ہے جس میں صوبے کی حکومت دستور کے احکام کے مطابق نہیں چلائی جاسکتی، تو صدر کو اختیار ہوگا کہ اعلان کے ذریعے، خود سنبھال لے، یا صوبے کے گورنر کو ہدایت دے کہ وہ صدر کی جانب سے سنبھال لے، صوبے کی حکومت کے کل یا بعض کارہائے منصبی، اور ایسے کل یا بعض اختیارات جو صوبائی اسمبلی کے علاوہ صوبے کے کسی با اختیار ادارے یا ہیئت مجاز کو حاصل ہوں یا جن کو وہ استعمال کرسکتے ہوں۔
94,نہیں، اسلامی تعلیمات سے متعلق نااہلیاں غیر مسلموں پر لاگو نہیں ہوتیں، لیکن ایسا شخص اچھی اخلاقی شہرت کا حامل ہونا چاہیے۔,نہیں، پیراگراف (د) اور (ہ) میں صراحت کردہ نااہلیوں کا کسی ایسے شخص پر اطلاق نہیں ہوگا جو غیر مسلم ہو، لیکن ایسا شخص اچھی اخلاقی شہرت کا حامل ہوگا۔
95,جی ہاں، وفاق کسی بھی مقصد کے لیے جو پارلیمنٹ کے قانون سازی کے دائرہ کار میں آتا ہو، کسی صوبے میں اراضی حاصل کر سکتا ہے۔,ہاں، وفاق اپنے مقاصد کے لیے کسی صوبے میں اراضی حاصل کر سکتا ہے۔
96,نہیں، کسی شخص کو ایسا کام کرنے پر مجبور نہیں کیا جا سکتا جو قانوناً ضروری نہ ہو۔,جی نہیں، کسی شخص کو ایسا کام کرنے پر مجبور نہیں کیا جائے گا جس کا کرنا اس کے لیے قانوناً ضروری نہ ہو۔
97,نہیں، کسی ایسے شخص کی درخواست پر یا اس کے بارے میں حکم صادر نہیں کیا جائے گا جو مسلح افواج پاکستان کا رکن ہو، اس کی شرائط ملازمت کی نسبت، اس کی ملازمت سے پیدا ہونے والے کسی معاملے کی نسبت، یا مسلح افواج پاکستان کے ایک رکن کے طور پر اس کے بارے میں کی گئی کسی کارروائی کی نسبت۔,نہیں، پاکستان کی مسلح افواج کا کوئی رکن اس دائرہ اختیار کے تحت حکم کے لیے درخواست نہیں دے سکتا ہے۔
98,جی ہاں، اس باب کے تحت عدالت کے فیصلے عدالت عالیہ اور اس کی ماتحت عدالتوں پر واجب التعمیل ہوتے ہیں۔,جی ہاں، اس باب کے تحت عدالت کے فیصلے عدالت عالیہ اور اس کی ماتحت عدالتوں پر واجب التعمیل ہوتے ہیں۔
99,عدالت عظمیٰ میں شریعت مرافعہ بینچ تین مسلمان ججوں اور صدر کی طرف سے مقرر کردہ زیادہ سے زیادہ دو علماء پر مشتمل ہو سکتا ہے۔,عدالت عظمیٰ میں شریعت مرافعہ بینچ میں مسلمان جج کو مقرر کیا جا سکتا ہے۔
100,گورنر کو کابینہ یا وزیر اعلیٰ کے مشورے پر عمل کرنا ہوتا ہے۔,گورنر کابینہ یا وزیر اعلیٰ کے مشورے پر عمل کرے گا۔
101,کسی صوبائی اسمبلی میں زیر غور کوئی بل، اسمبلی کے تحلیل ہونے پر ساقط ہوجائے گا۔,کسی صوبائی اسمبلی میں زیر غور کوئی بل، اسمبلی کے تحلیل ہونے پر ساقط ہوجائے گا۔
102,دستور میں ترمیم کرنے کا بل کسی بھی ایوان میں شروع کیا جا سکتا ہے۔,دستور میں ترمیم کرنے کے بل کی ابتدا کسی بھی ایوان میں کی جا سکتی ہے۔
103,اگر کوئی شخص یوم آغاز سے قبل قومی اسمبلی اور صوبائی اسمبلی دونوں کا رکن ہو، تو اسے کسی ایک نشست سے مستعفی ہونا پڑے گا قبل اس کے کہ وہ کسی بھی اسمبلی میں نشست سنبھالے۔,اگر کوئی شخص یوم آغاز سے قبل قومی اسمبلی اور صوبائی اسمبلی دونوں کا رکن ہو، تو وہ قومی اسمبلی یا صوبائی اسمبلی میں کوئی نشست نہیں سنبھالے گا تاوقتیکہ وہ اپنی کسی ایک نشست سے مستعفی نہ ہوجائے۔
104,سینیٹ کے ارکان کی میعاد چھ سال ہوتی ہے۔,سینیٹ کے ارکان کی میعاد چھ سال ہوتی ہے۔
105,جی ہاں، کوئی ایوان اپنی رکنیت میں خالی جگہوں کے باوجود کام جاری رکھ سکتا ہے۔,ہاں، کوئی ایوان اپنی رکنیت میں خالی جگہوں کے باوجود کام جاری رکھ سکتا ہے۔
106,جی ہاں، صدر گورنر کو وفاق کے ایسے علاقوں سے متعلق کارہائے منصبی انجام دینے کا حکم دے سکتا ہے جو کسی صوبے میں شامل نہیں ہیں۔,جی ہاں، صدر کسی صوبے کے گورنر کو صوبے سے باہر کے معاملات سنبھالنے کا حکم دے سکتا ہے۔
107,نتائج کو صرف ایک انتخابی درخواست کے ذریعے ٹربیونل کے سامنے پیش کر کے چیلنج کیا جا سکتا ہے، جو مجلس شوریٰ (پارلیمنٹ) کے ایکٹ کے ذریعے مقرر کیا گیا ہو۔,انتخابی نتائج کو درخواست انتخابی تنازعہ کے ذریعے چیلنج کیا جا سکتا ہے جو کسی ٹربیونل کے سامنے پیش کی جائے گی جو مجلس شوریٰ (پارلیمنٹ) کے ایکٹ کے ذریعے مقرر کیا جائے۔
108,قومی مالیاتی کمیشن یوم آغاز سے چھ ماہ کے اندر اور اس کے بعد ایسے وقفوں سے جو پانچ سال سے متجاوز نہ ہوں، تشکیل دیا جانا چاہیے۔,قومی مالیاتی کمیشن کا تشکیل یوم آغاز سے چھ ماہ کے اندر کیا جانا چاہیے اور اس کے بعد ایسے وقفوں سے جو پانچ سال سے متجاوز نہ ہوں۔
109,جی ہاں، انتظامی عدالتوں یا ٹربیونلز کے فیصلوں کے خلاف عدالت عظمیٰ میں اپیل کی جا سکتی ہے، لیکن صرف اس صورت میں جب عدالت عظمیٰ اس بات کا اطمینان کر لے کہ مقدمے میں عوامی اہمیت کا حامل کوئی اہم امر قانونی شامل ہے اور اپیل دائر کرنے کی اجازت دے دے۔,ہاں، انتظامی عدالتوں یا ٹربیونلز کے فیصلوں کے خلاف عدالت عظمیٰ میں اپیل کی جا سکتی ہے، لیکن صرف اس صورت میں جب عدالت عظمیٰ اس بات کا اطمینان کر لینے کے بعد کہ مقدمے میں عوامی اہمیت کا حامل کوئی اہم امر قانونی شامل ہے، اپیل دائر کرنے کی اجازت دے دے۔
110,اگر کسی خدمت کے لیے مختص کردہ بجٹ مالی سال کے دوران ناکافی ہو تو صوبائی حکومت صوبائی مجموعی فنڈ سے اضافی خرچ کی منظوری دے سکتی ہے اور صوبائی اسمبلی کے سامنے ایک ضمنی کیفیت نامہ میزانیہ پیش کر سکتی ہے۔,اگر کسی خدمت کے لیے مختص کردہ بجٹ مالی سال کے دوران ناکافی ہو تو صوبائی حکومت کو اختیار ہوگا کہ صوبائی مجموعی فنڈ سے خرچ کی منظوری دے دے اور صوبائی اسمبلی کے سامنے ایک ضمنی کیفیت نامہ میزانیہ یا ایک زائد کیفیت نامہ میزانیہ پیش کرائے جس میں مذکورہ خرچ کی رقم درج ہو۔
111,کوئی شخص سنگین غداری کا مجرم ہو سکتا ہے اگر وہ طاقت کے استعمال، طاقت کے مظاہرے، یا کسی دیگر غیر آئینی ذرائع سے دستور کی تنسیخ، تخریب، معطلی، یا التواء میں رکھے، یا اگر وہ ایسا کرنے کی کوشش یا سازش کرے۔,کوئی بھی شخص جو طاقت کے استعمال یا طاقت سے یا دیگر غیر آئینی ذرائع سے دستور کی تنسیخ کرے، تخریب کرے، یا معطل کرے، یا التواء میں رکھے، یا اقدام کرے، یا تنسیخ کرنے کی سازش کرے، یا تخریب کرے، یا معطل یا التواء میں رکھے، سنگین غداری کا مجرم ہوگا۔ اس کے علاوہ، کوئی شخص جو ان افعال میں مدد دے گا، یا معاونت کرے گا، یا شریک ہوگا، اسی طرح سنگین غداری کا مجرم ہوگا۔
112,جی ہاں، عدالت عظمیٰ انصاف کے مفاد میں کسی مقدمے، اپیل یا دیگر کارروائی کو ایک عدالت عالیہ سے دوسری عدالت عالیہ میں منتقل کر سکتی ہے۔,ہاں، عدالت عظمیٰ کسی مقدمے کو ایک عدالت عالیہ سے دوسری عدالت عالیہ میں منتقل کر سکتی ہے۔
113,عدالت عالیہ سندھ و بلوچستان، بلوچستان اور سندھ کے صوبوں کے لیے مشترکہ عدالت عالیہ کے طور پر کام کرنا بند کر دے گی۔,عدالت عالیہ سندھ و بلوچستان، بلوچستان اور سندھ کے صوبوں کے لیے مشترکہ عدالت عالیہ کے طور پر کام کرنا بند کر دے گی۔ صدر، فرمان کے ذریعے، بلوچستان اور سندھ کے صوبوں میں سے ہر ایک کے لیے ایک عدالت عالیہ قائم کرے گا۔
114,وفاق کا یہ فرض ہوگا کہ ہر صوبے کو بیرونی جارحیت اور اندرونی خلفشار سے محفوظ رکھے۔,وفاق کا یہ فرض ہوگا کہ ہر صوبے کو بیرونی جارحیت اور اندرونی خلفشار سے محفوظ رکھے اور اس بات کو یقینی بنائے کہ ہر صوبے کی حکومت دستور کے احکام کے مطابق چلائی جائے۔
115,اگر صدر صوبائی اسمبلی کی قرارداد کے بغیر داخلی خلفشار کی وجہ سے ہنگامی حالت کا اعلان کرے تو ہنگامی حالت کے اعلان کو مجلس شوریٰ (پارلیمنٹ) کے دونوں ایوانوں کے روبرو دس دن کے اندر منظوری کے لیے پیش کیا جائے گا۔,اگر صدر صوبائی اسمبلی کی قرارداد کے بغیر داخلی خلفشار کی وجہ سے ہنگامی حالت کا اعلان کرے تو ہنگامی حالت کے اعلان کو مجلس شوریٰ (پارلیمنٹ) کے دونوں ایوانوں سے ہر ایک ایوان کے روبرو دس دن کے اندر منظوری کے لیے پیش کیا جائے گا۔
116,جی ہاں، وفاقی حکومت صوبے کو ایسے ذرائع مواصلات کی تعمیر اور نگہداشت کے بارے میں ہدایات دے سکتی ہے جنہیں قومی یا فوجی اہمیت کا حامل قرار دیا گیا ہو۔,جی ہاں، وفاقی حکومت صوبے کو مواصلاتی ڈھانچے کے بارے میں ہدایات دے سکتی ہے، خاص طور پر جب ان ذرائع مواصلات کو قومی یا فوجی اہمیت کا حامل قرار دیا گیا ہو۔
117,صدر کو قومی اسمبلی کے لیے ہر عام انتخاب کے بعد پہلے اجلاس کے آغاز پر اور ہر سال کے پہلے اجلاس کے آغاز پر دونوں ایوانوں سے یکجا خطاب کرنا ہوتا ہے۔,قومی اسمبلی کے لیے ہر عام انتخاب کے بعد پہلے اجلاس کے آغاز پر اور ہر سال کے پہلے اجلاس کے آغاز پر صدر یکجا دونوں ایوانوں سے خطاب کرے گا۔
118,جی ہاں، ۱۹۷۷ء اور ۲۰۰۲ء کے فرامین کے تحت منعقد شدہ انتخابات کا اثر ایسے ہوگا جیسے وہ دستور کے تحت منعقد ہوئے ہوں۔,ہاں، ۱۹۷۷ء اور ۲۰۰۲ء کے فرامین کے تحت منعقد شدہ انتخابات کا قانونی اثر ہے۔
119,وزیر اعظم مشترکہ مفادات کی کونسل کا چیئرمین ہوتا ہے۔,وزیر اعظم کونسل کا چیئرمین ہوگا۔
120,نہیں، کسی شخص کو شہادت حاصل کرنے کی غرض سے اذیت نہیں دی جائے گی۔,نہیں، کسی شخص کو شہادت حاصل کرنے کی غرض سے اذیت نہیں دی جائے گی۔
121,سینیٹ میں اسپیکر اور ڈپٹی اسپیکر کے مساوی عہدے چیئرمین اور ڈپٹی چیئرمین ہیں۔,سینیٹ میں اسپیکر اور ڈپٹی اسپیکر کے مساوی عہدے چیئرمین اور ڈپٹی چیئرمین ہیں۔
122,مالی بل کی ابتدا قومی اسمبلی میں ہوگی۔,مالی بل اپنی قانون سازی کا عمل قومی اسمبلی سے شروع کرتا ہے۔
123,عارضی تقرری اس وقت تک برقرار رہتی ہے جب تک کہ صدر اس کو منسوخ نہ کر دے۔,عدالت عظمیٰ کے جج کی عارضی تقرری اس وقت تک برقرار رہتی ہے جب تک کہ صدر اس کو منسوخ نہ کر دے۔
